levels;alpha_beta;method;trial;turns;outcome;real_time;date;time
1;0;simple;0;63;whites_won;0.16901755332946777;2022-05-19;00:26:41.736162
1;0;simple;1;53;whites_won;0.14059233665466309;2022-05-19;00:26:41.905180
1;0;simple;2;31;whites_won;0.09372758865356445;2022-05-19;00:26:42.045772
1;0;simple;3;63;whites_won;0.15621399879455566;2022-05-19;00:26:42.139500
1;0;simple;4;53;whites_won;0.14059185981750488;2022-05-19;00:26:42.295714
1;0;simple;5;48;whites_won;0.15621328353881836;2022-05-19;00:26:42.444646
1;0;simple;6;51;whites_won;0.2030785083770752;2022-05-19;00:26:42.600860
1;0;simple;7;70;black_won;0.21869850158691406;2022-05-19;00:26:42.803938
1;0;simple;8;40;whites_won;0.10934877395629883;2022-05-19;00:26:43.022636
1;0;simple;9;53;whites_won;0.17183494567871094;2022-05-19;00:26:43.131985
1;0;simple;10;43;whites_won;0.10934925079345703;2022-05-19;00:26:43.303820
1;0;simple;11;32;black_won;0.09372782707214355;2022-05-19;00:26:43.413169
1;0;simple;12;48;black_won;0.20307707786560059;2022-05-19;00:26:43.506897
1;0;simple;13;29;whites_won;0.07810664176940918;2022-05-19;00:26:43.709974
1;0;simple;14;53;whites_won;0.15621352195739746;2022-05-19;00:26:43.788081
1;0;simple;15;53;whites_won;0.14310121536254883;2022-05-19;00:26:43.944295
1;0;simple;16;43;whites_won;0.2161257266998291;2022-05-19;00:26:44.087396
1;0;simple;17;31;whites_won;0.187455415725708;2022-05-19;00:26:44.303521
1;0;simple;18;40;black_won;0.1874561309814453;2022-05-19;00:26:44.506598
1;0;simple;19;63;whites_won;0.24994111061096191;2022-05-19;00:26:44.694054
1;0;simple;20;51;whites_won;0.24994206428527832;2022-05-19;00:26:44.943996
1;0;simple;21;43;whites_won;0.15621232986450195;2022-05-19;00:26:45.193937
1;0;simple;22;32;black_won;0.12497115135192871;2022-05-19;00:26:45.350150
1;0;simple;23;43;whites_won;0.12497067451477051;2022-05-19;00:26:45.475121
1;0;simple;24;43;whites_won;0.10934877395629883;2022-05-19;00:26:45.600092
1;0;simple;25;51;whites_won;0.2030773162841797;2022-05-19;00:26:45.709441
1;0;simple;26;49;whites_won;0.28118419647216797;2022-05-19;00:26:45.912518
1;0;simple;27;53;whites_won;0.4373972415924072;2022-05-19;00:26:46.193702
1;0;simple;28;48;black_won;0.34366893768310547;2022-05-19;00:26:46.631099
1;0;simple;29;29;whites_won;0.10934948921203613;2022-05-19;00:26:46.974768
1;0;simple;30;49;whites_won;0.18745636940002441;2022-05-19;00:26:47.084118
1;0;simple;31;83;draw;0.6385700702667236;2022-05-19;00:26:47.271574
1;0;simple;32;53;whites_won;0.1904900074005127;2022-05-19;00:26:47.913136
1;0;simple;33;53;whites_won;0.16356301307678223;2022-05-19;00:26:48.105621
1;0;simple;34;29;whites_won;0.09574413299560547;2022-05-19;00:26:48.270181
1;0;simple;35;48;whites_won;0.1904909610748291;2022-05-19;00:26:48.366922
1;0;simple;36;49;whites_won;0.1625657081604004;2022-05-19;00:26:48.559407
1;0;simple;37;56;black_won;0.18550348281860352;2022-05-19;00:26:48.722970
1;0;simple;38;43;whites_won;0.1047201156616211;2022-05-19;00:26:48.909471
1;0;simple;39;55;whites_won;0.16755199432373047;2022-05-19;00:26:49.015189
1;0;simple;40;83;draw;0.5335729122161865;2022-05-19;00:26:49.183738
1;0;simple;41;31;whites_won;0.10272526741027832;2022-05-19;00:26:49.720303
1;0;simple;42;29;whites_won;0.09773683547973633;2022-05-19;00:26:49.825025
1;0;simple;43;51;whites_won;0.28324222564697266;2022-05-19;00:26:49.923759
1;0;simple;44;48;whites_won;0.2044532299041748;2022-05-19;00:26:50.208996
1;0;simple;45;48;whites_won;0.18949389457702637;2022-05-19;00:26:50.415444
1;0;simple;46;43;whites_won;0.11369609832763672;2022-05-19;00:26:50.606932
1;0;simple;47;53;whites_won;0.20545053482055664;2022-05-19;00:26:50.721625
1;0;simple;48;32;black_won;0.12566351890563965;2022-05-19;00:26:50.929071
1;0;weighted;0;37;whites_won;0.23150324821472168;2022-05-19;00:26:41.751784
1;0;weighted;1;57;whites_won;0.46135926246643066;2022-05-19;00:26:41.983287
1;0;weighted;2;37;whites_won;0.23432064056396484;2022-05-19;00:26:42.444646
1;0;weighted;3;34;black_won;0.17183470726013184;2022-05-19;00:26:42.678967
1;0;weighted;4;43;whites_won;0.23431992530822754;2022-05-19;00:26:42.850801
1;0;weighted;5;35;whites_won;0.28118395805358887;2022-05-19;00:26:43.085121
1;0;weighted;6;45;whites_won;0.23432016372680664;2022-05-19;00:26:43.366305
1;0;weighted;7;96;draw;1.9994661808013916;2022-05-19;00:26:43.600625
1;0;weighted;8;25;whites_won;0.20307660102844238;2022-05-19;00:26:45.600092
1;0;weighted;9;36;black_won;0.23432087898254395;2022-05-19;00:26:45.803168
1;0;weighted;10;59;whites_won;0.4686472415924072;2022-05-19;00:26:46.053110
1;0;weighted;11;41;whites_won;0.24993371963500977;2022-05-19;00:26:46.521757
1;0;weighted;12;35;whites_won;0.28118419647216797;2022-05-19;00:26:46.771691
1;0;weighted;13;36;black_won;0.3124270439147949;2022-05-19;00:26:47.052875
1;0;weighted;14;50;black_won;0.3280467987060547;2022-05-19;00:26:47.365302
1;0;weighted;15;25;whites_won;0.2088162899017334;2022-05-19;00:26:47.693349
1;0;weighted;16;42;black_won;0.23536992073059082;2022-05-19;00:26:47.904160
1;0;weighted;17;41;whites_won;0.2184157371520996;2022-05-19;00:26:48.140528
1;0;weighted;18;57;whites_won;0.5395569801330566;2022-05-19;00:26:48.360938
1;0;weighted;19;34;black_won;0.18051719665527344;2022-05-19;00:26:48.902490
1;0;weighted;20;34;black_won;0.1765282154083252;2022-05-19;00:26:49.084005
1;0;weighted;21;25;whites_won;0.182511568069458;2022-05-19;00:26:49.260533
1;0;weighted;22;59;whites_won;0.37100839614868164;2022-05-19;00:26:49.445039
1;0;weighted;23;31;whites_won;0.29122090339660645;2022-05-19;00:26:49.817045
1;0;weighted;24;57;whites_won;0.40691161155700684;2022-05-19;00:26:50.109263
1;0;weighted;25;35;whites_won;0.31116771697998047;2022-05-19;00:26:50.518170
1;0;weighted;26;57;whites_won;0.6412844657897949;2022-05-19;00:26:50.831332
1;0;weighted;27;43;whites_won;0.2573120594024658;2022-05-19;00:26:51.474612
1;0;weighted;28;42;black_won;0.2812478542327881;2022-05-19;00:26:51.732921
1;0;weighted;29;57;whites_won;0.4358346462249756;2022-05-19;00:26:52.015166
1;0;weighted;30;35;whites_won;0.2822451591491699;2022-05-19;00:26:52.452995
1;0;weighted;31;59;whites_won;0.40392065048217773;2022-05-19;00:26:52.737235
1;0;weighted;32;40;black_won;0.2533230781555176;2022-05-19;00:26:53.143150
1;0;weighted;33;43;whites_won;0.23836255073547363;2022-05-19;00:26:53.397470
1;0;weighted;34;42;black_won;0.27426648139953613;2022-05-19;00:26:53.636830
1;0;weighted;35;43;whites_won;0.23836255073547363;2022-05-19;00:26:53.912094
1;0;weighted;36;43;whites_won;0.23337578773498535;2022-05-19;00:26:54.151454
1;0;weighted;37;43;whites_won;0.23138093948364258;2022-05-19;00:26:54.385827
1;0;weighted;38;35;whites_won;0.2872319221496582;2022-05-19;00:26:54.619203
1;0;weighted;39;33;whites_won;0.3121650218963623;2022-05-19;00:26:54.908429
1;0;weighted;40;61;whites_won;0.6223359107971191;2022-05-19;00:26:55.222589
1;0;weighted;41;43;whites_won;0.23038387298583984;2022-05-19;00:26:55.847917
1;0;weighted;42;25;whites_won;0.1795198917388916;2022-05-19;00:26:56.079298
1;0;weighted;43;34;whites_won;0.7420156002044678;2022-05-19;00:26:56.260813
1;0;weighted;44;59;whites_won;0.37200498580932617;2022-05-19;00:26:57.005821
1;0;weighted;45;48;black_won;0.25033044815063477;2022-05-19;00:26:57.378823
1;0;weighted;46;47;black_won;0.21143460273742676;2022-05-19;00:26:57.630151
1;0;weighted;47;59;whites_won;0.37399983406066895;2022-05-19;00:26:57.842583
1;0;weighted;48;42;black_won;0.2702770233154297;2022-05-19;00:26:58.217580
1;1;simple;0;83;draw;0.465822696685791;2022-05-19;00:26:41.736162
1;1;simple;1;48;whites_won;0.17183470726013184;2022-05-19;00:26:42.201985
1;1;simple;2;53;whites_won;0.13331270217895508;2022-05-19;00:26:42.373820
1;1;simple;3;43;whites_won;0.14059162139892578;2022-05-19;00:26:42.507132
1;1;simple;4;48;whites_won;0.17183446884155273;2022-05-19;00:26:42.647724
1;1;simple;5;31;whites_won;0.09372806549072266;2022-05-19;00:26:42.819559
1;1;simple;6;43;whites_won;0.10934972763061523;2022-05-19;00:26:42.913287
1;1;simple;7;63;whites_won;0.17183446884155273;2022-05-19;00:26:43.022636
1;1;simple;8;48;whites_won;0.2030775547027588;2022-05-19;00:26:43.194471
1;1;simple;9;29;whites_won;0.07810640335083008;2022-05-19;00:26:43.397548
1;1;simple;10;48;black_won;0.23431944847106934;2022-05-19;00:26:43.475655
1;1;simple;11;53;whites_won;0.12497091293334961;2022-05-19;00:26:43.709974
1;1;simple;12;48;black_won;0.20307683944702148;2022-05-19;00:26:43.834945
1;1;simple;13;70;black_won;0.2498779296875;2022-05-19;00:26:44.038022
1;1;simple;14;40;whites_won;0.23432040214538574;2022-05-19;00:26:44.287900
1;1;simple;15;29;whites_won;0.12497067451477051;2022-05-19;00:26:44.537841
1;1;simple;16;70;black_won;0.28118419647216797;2022-05-19;00:26:44.678433
1;1;simple;17;51;whites_won;0.24994111061096191;2022-05-19;00:26:44.959617
1;1;simple;18;29;whites_won;0.10934925079345703;2022-05-19;00:26:45.209558
1;1;simple;19;56;black_won;0.2030775547027588;2022-05-19;00:26:45.318907
1;1;simple;20;49;whites_won;0.17183375358581543;2022-05-19;00:26:45.521985
1;1;simple;21;53;whites_won;0.18745684623718262;2022-05-19;00:26:45.693819
1;1;simple;22;40;black_won;0.15621376037597656;2022-05-19;00:26:45.881276
1;1;simple;23;34;black_won;0.3280470371246338;2022-05-19;00:26:46.037489
1;1;simple;24;83;draw;0.8123090267181396;2022-05-19;00:26:46.365536
1;1;simple;25;53;whites_won;0.21869826316833496;2022-05-19;00:26:47.177845
1;1;simple;26;35;whites_won;0.15621328353881836;2022-05-19;00:26:47.396544
1;1;simple;27;29;whites_won;0.10934972763061523;2022-05-19;00:26:47.568379
1;1;simple;28;34;black_won;0.23241591453552246;2022-05-19;00:26:47.677728
1;1;simple;29;48;whites_won;0.2922177314758301;2022-05-19;00:26:47.911142
1;1;simple;30;83;draw;0.576458215713501;2022-05-19;00:26:48.205355
1;1;simple;31;48;black_won;0.23836255073547363;2022-05-19;00:26:48.783808
1;1;simple;32;48;black_won;0.23935985565185547;2022-05-19;00:26:49.023167
1;1;simple;33;48;whites_won;0.20245838165283203;2022-05-19;00:26:49.263525
1;1;simple;34;43;whites_won;0.1077115535736084;2022-05-19;00:26:49.467978
1;1;simple;35;53;whites_won;0.16655445098876953;2022-05-19;00:26:49.576687
1;1;simple;36;49;whites_won;0.18650150299072266;2022-05-19;00:26:49.745236
1;1;simple;37;29;whites_won;0.09773898124694824;2022-05-19;00:26:49.932735
1;1;simple;38;53;whites_won;0.17353558540344238;2022-05-19;00:26:50.031471
1;1;simple;39;40;whites_won;0.14960002899169922;2022-05-19;00:26:50.207002
1;1;simple;40;63;whites_won;0.3899569511413574;2022-05-19;00:26:50.357599
1;1;simple;41;34;black_won;0.14461326599121094;2022-05-19;00:26:50.749551
1;1;simple;42;70;black_won;0.24733853340148926;2022-05-19;00:26:50.895161
1;1;simple;43;44;whites_won;0.16156840324401855;2022-05-19;00:26:51.143498
1;1;simple;44;44;whites_won;0.2184157371520996;2022-05-19;00:26:51.315039
1;1;simple;45;63;whites_won;0.23537111282348633;2022-05-19;00:26:51.535449
1;1;simple;46;31;whites_won;0.12267160415649414;2022-05-19;00:26:51.771818
1;1;simple;47;44;whites_won;0.15957331657409668;2022-05-19;00:26:51.895486
1;1;simple;48;35;whites_won;0.10970664024353027;2022-05-19;00:26:52.057054
1;1;weighted;0;57;whites_won;0.45020151138305664;2022-05-19;00:26:41.751784
1;1;weighted;1;57;whites_won;0.28952574729919434;2022-05-19;00:26:42.201985
1;1;weighted;2;35;whites_won;0.24994134902954102;2022-05-19;00:26:42.491511
1;1;weighted;3;59;whites_won;0.3280479907989502;2022-05-19;00:26:42.741452
1;1;weighted;4;54;black_won;0.48426055908203125;2022-05-19;00:26:43.069500
1;1;weighted;5;42;black_won;0.23432064056396484;2022-05-19;00:26:43.569382
1;1;weighted;6;34;whites_won;0.8591086864471436;2022-05-19;00:26:43.803703
1;1;weighted;7;37;whites_won;0.29680514335632324;2022-05-19;00:26:44.662812
1;1;weighted;8;33;whites_won;0.3905329704284668;2022-05-19;00:26:44.959617
1;1;weighted;9;57;whites_won;0.3749117851257324;2022-05-19;00:26:45.350150
1;1;weighted;10;40;black_won;0.2655637264251709;2022-05-19;00:26:45.725062
1;1;weighted;11;34;black_won;0.2499401569366455;2022-05-19;00:26:45.990625
1;1;weighted;12;43;whites_won;0.2655642032623291;2022-05-19;00:26:46.240566
1;1;weighted;13;42;black_won;0.3124256134033203;2022-05-19;00:26:46.506130
1;1;weighted;14;42;black_won;0.3124258518218994;2022-05-19;00:26:46.818555
1;1;weighted;15;59;whites_won;0.4373972415924072;2022-05-19;00:26:47.130981
1;1;weighted;16;35;whites_won;0.3281383514404297;2022-05-19;00:26:47.584000
1;1;weighted;17;35;whites_won;0.32413244247436523;2022-05-19;00:26:47.914134
1;1;weighted;18;34;whites_won;0.7679460048675537;2022-05-19;00:26:48.240261
1;1;weighted;19;33;whites_won;0.32213878631591797;2022-05-19;00:26:49.011199
1;1;weighted;20;48;black_won;0.25531721115112305;2022-05-19;00:26:49.335332
1;1;weighted;21;57;whites_won;0.3680152893066406;2022-05-19;00:26:49.591647
1;1;weighted;22;34;black_won;0.2593059539794922;2022-05-19;00:26:49.961658
1;1;weighted;23;61;whites_won;0.7420153617858887;2022-05-19;00:26:50.224953
1;1;weighted;24;36;black_won;0.3011937141418457;2022-05-19;00:26:50.968964
1;1;weighted;25;31;whites_won;0.25831007957458496;2022-05-19;00:26:51.271155
1;1;weighted;26;34;whites_won;0.9055790901184082;2022-05-19;00:26:51.530462
1;1;weighted;27;36;black_won;0.46774888038635254;2022-05-19;00:26:52.439033
1;1;weighted;28;54;black_won;0.6452741622924805;2022-05-19;00:26:52.907779
1;1;weighted;29;57;whites_won;0.34707140922546387;2022-05-19;00:26:53.554051
1;1;weighted;30;36;black_won;0.20545053482055664;2022-05-19;00:26:53.903118
1;1;weighted;31;36;black_won;0.2782559394836426;2022-05-19;00:26:54.109566
1;1;weighted;32;37;whites_won;0.2672853469848633;2022-05-19;00:26:54.388819
1;1;weighted;33;50;black_won;0.23138141632080078;2022-05-19;00:26:54.658099
1;1;weighted;34;59;whites_won;0.3749969005584717;2022-05-19;00:26:54.890478
1;1;weighted;35;42;black_won;0.3041865825653076;2022-05-19;00:26:55.266472
1;1;weighted;36;34;black_won;0.17852258682250977;2022-05-19;00:26:55.571656
1;1;weighted;37;35;whites_won;0.24434685707092285;2022-05-19;00:26:55.751176
1;1;weighted;38;34;black_won;0.1795196533203125;2022-05-19;00:26:55.997517
1;1;weighted;39;25;whites_won;0.1904900074005127;2022-05-19;00:26:56.178035
1;1;weighted;40;36;black_won;0.2563145160675049;2022-05-19;00:26:56.371517
1;1;weighted;41;48;black_won;0.25830936431884766;2022-05-19;00:26:56.628829
1;1;weighted;42;57;whites_won;0.5295839309692383;2022-05-19;00:26:56.888135
1;1;weighted;43;35;whites_won;0.295210599899292;2022-05-19;00:26:57.419714
1;1;weighted;44;34;whites_won;0.798863410949707;2022-05-19;00:26:57.716919
1;1;weighted;45;33;whites_won;0.33310937881469727;2022-05-19;00:26:58.518775
1;1;weighted;46;43;whites_won;0.23437261581420898;2022-05-19;00:26:58.853879
1;1;weighted;47;59;whites_won;0.4109008312225342;2022-05-19;00:26:59.089249
1;1;weighted;48;25;whites_won;0.1825118064880371;2022-05-19;00:26:59.501148
2;0;simple;0;31;whites_won;0.40019917488098145;2022-05-19;00:26:41.770543
2;0;simple;1;29;whites_won;0.41449570655822754;2022-05-19;00:26:42.186364
2;0;simple;2;57;whites_won;0.7654454708099365;2022-05-19;00:26:42.616481
2;0;simple;3;29;whites_won;0.40615415573120117;2022-05-19;00:26:43.381927
2;0;simple;4;94;draw;9.378007888793945;2022-05-19;00:26:43.788081
2;0;simple;5;43;whites_won;0.8078393936157227;2022-05-19;00:26:53.178057
2;0;simple;6;74;draw;6.938445329666138;2022-05-19;00:26:53.986894
2;0;simple;7;68;draw;6.656200170516968;2022-05-19;00:27:00.928332
2;0;simple;8;39;whites_won;0.5694773197174072;2022-05-19;00:27:07.586527
2;0;simple;9;68;draw;6.723066568374634;2022-05-19;00:27:08.156004
2;0;simple;10;57;whites_won;0.9216582775115967;2022-05-19;00:27:14.879070
2;0;simple;11;41;whites_won;0.5967183113098145;2022-05-19;00:27:15.800729
2;0;simple;12;34;black_won;0.6502606868743896;2022-05-19;00:27:16.399441
2;0;simple;13;31;whites_won;0.5794503688812256;2022-05-19;00:27:17.050700
2;0;simple;14;74;draw;7.690434694290161;2022-05-19;00:27:17.631148
2;0;simple;15;57;whites_won;0.9184722900390625;2022-05-19;00:27:25.324574
2;0;simple;16;57;whites_won;0.9529011249542236;2022-05-19;00:27:26.243046
2;0;simple;17;57;whites_won;0.9529008865356445;2022-05-19;00:27:27.195948
2;0;simple;18;22;black_won;0.5936102867126465;2022-05-19;00:27:28.148849
2;0;simple;19;68;draw;6.584460973739624;2022-05-19;00:27:28.742459
2;0;simple;20;30;black_won;0.6243307590484619;2022-05-19;00:27:35.328914
2;0;simple;21;94;draw;8.205058574676514;2022-05-19;00:27:35.954242
2;0;simple;22;31;whites_won;0.5046505928039551;2022-05-19;00:27:44.162293
2;0;simple;23;29;whites_won;0.47267699241638184;2022-05-19;00:27:44.668938
2;0;simple;24;34;black_won;0.6873385906219482;2022-05-19;00:27:45.141616
2;0;simple;25;68;draw;6.522055625915527;2022-05-19;00:27:45.828954
2;0;simple;26;43;whites_won;0.7430129051208496;2022-05-19;00:27:52.353005
2;0;simple;27;25;whites_won;0.5654878616333008;2022-05-19;00:27:53.097015
2;0;simple;28;43;whites_won;0.6622297763824463;2022-05-19;00:27:53.664497
2;0;simple;29;64;draw;6.668861150741577;2022-05-19;00:27:54.327724
2;0;simple;30;75;draw;6.956462144851685;2022-05-19;00:28:00.996585
2;0;simple;31;74;draw;7.028971910476685;2022-05-19;00:28:07.955042
2;0;simple;32;68;draw;6.569432020187378;2022-05-19;00:28:14.987006
2;0;simple;33;31;whites_won;0.6532530784606934;2022-05-19;00:28:21.559430
2;0;simple;34;31;whites_won;0.6851675510406494;2022-05-19;00:28:22.213681
2;0;simple;35;43;whites_won;0.7549803256988525;2022-05-19;00:28:22.899847
2;0;simple;36;68;draw;6.525416851043701;2022-05-19;00:28:23.656822
2;0;simple;37;57;whites_won;1.0934934616088867;2022-05-19;00:28:30.182239
2;0;simple;38;31;whites_won;0.6092314720153809;2022-05-19;00:28:31.275732
2;0;simple;39;22;black_won;0.7029602527618408;2022-05-19;00:28:31.884964
2;0;simple;40;31;whites_won;0.6873378753662109;2022-05-19;00:28:32.587924
2;0;simple;41;34;black_won;0.749823808670044;2022-05-19;00:28:33.275262
2;0;simple;42;22;black_won;0.6248524188995361;2022-05-19;00:28:34.025086
2;0;simple;43;57;whites_won;0.9269881248474121;2022-05-19;00:28:34.649938
2;0;simple;44;68;draw;6.820765018463135;2022-05-19;00:28:35.578921
2;0;simple;45;43;whites_won;0.718580961227417;2022-05-19;00:28:42.399686
2;0;simple;46;41;whites_won;0.640474796295166;2022-05-19;00:28:43.118267
2;0;simple;47;68;draw;6.578775882720947;2022-05-19;00:28:43.758742
2;0;simple;48;29;whites_won;0.4747312068939209;2022-05-19;00:28:50.340510
2;0;weighted;0;36;black_won;0.9612424373626709;2022-05-19;00:26:41.780210
2;0;weighted;1;18;black_won;0.49988293647766113;2022-05-19;00:26:42.741452
2;0;weighted;2;20;black_won;0.6404745578765869;2022-05-19;00:26:43.241335
2;0;weighted;3;16;black_won;0.734138011932373;2022-05-19;00:26:43.881810
2;0;weighted;4;36;black_won;1.3121914863586426;2022-05-19;00:26:44.615948
2;0;weighted;5;58;black_won;2.1784801483154297;2022-05-19;00:26:45.928139
2;0;weighted;6;35;whites_won;1.330441951751709;2022-05-19;00:26:48.112602
2;0;weighted;7;18;black_won;0.5754613876342773;2022-05-19;00:26:49.444042
2;0;weighted;8;50;black_won;1.9348266124725342;2022-05-19;00:26:50.020500
2;0;weighted;9;53;whites_won;1.487023115158081;2022-05-19;00:26:51.956324
2;0;weighted;10;52;black_won;1.285562515258789;2022-05-19;00:26:53.444345
2;0;weighted;11;50;black_won;1.7283780574798584;2022-05-19;00:26:54.729907
2;0;weighted;12;52;black_won;1.4870233535766602;2022-05-19;00:26:56.459282
2;0;weighted;13;52;black_won;1.2825698852539062;2022-05-19;00:26:57.947303
2;0;weighted;14;36;black_won;1.3623571395874023;2022-05-19;00:26:59.229873
2;0;weighted;15;20;black_won;0.8537166118621826;2022-05-19;00:27:00.595223
2;0;weighted;16;27;whites_won;1.0162818431854248;2022-05-19;00:27:01.449937
2;0;weighted;17;25;whites_won;1.063157320022583;2022-05-19;00:27:02.468213
2;0;weighted;18;45;whites_won;1.6396152973175049;2022-05-19;00:27:03.533365
2;0;weighted;19;29;whites_won;0.6901545524597168;2022-05-19;00:27:05.174975
2;0;weighted;20;41;whites_won;0.8597011566162109;2022-05-19;00:27:05.866127
2;0;weighted;21;60;black_won;1.3154823780059814;2022-05-19;00:27:06.727823
2;0;weighted;22;58;black_won;1.4720633029937744;2022-05-19;00:27:08.044302
2;0;weighted;23;23;black_won;0.7789177894592285;2022-05-19;00:27:09.516366
2;0;weighted;24;60;black_won;1.7553298473358154;2022-05-19;00:27:10.296280
2;0;weighted;25;35;whites_won;1.3590548038482666;2022-05-19;00:27:12.051610
2;0;weighted;26;54;black_won;1.4684052467346191;2022-05-19;00:27:13.410665
2;0;weighted;27;39;whites_won;1.17661452293396;2022-05-19;00:27:14.879070
2;0;weighted;28;29;whites_won;0.6359751224517822;2022-05-19;00:27:16.055685
2;0;weighted;29;18;black_won;0.5415523052215576;2022-05-19;00:27:16.693654
2;0;weighted;30;27;black_won;0.5844371318817139;2022-05-19;00:27:17.236204
2;0;weighted;31;41;whites_won;1.316479206085205;2022-05-19;00:27:17.821638
2;0;weighted;32;29;whites_won;0.5964055061340332;2022-05-19;00:27:19.139115
2;0;weighted;33;58;black_won;1.5378870964050293;2022-05-19;00:27:19.736518
2;0;weighted;34;19;whites_won;0.9165492057800293;2022-05-19;00:27:21.275402
2;0;weighted;35;60;black_won;1.7413437366485596;2022-05-19;00:27:22.192949
2;0;weighted;36;27;whites_won;0.8796474933624268;2022-05-19;00:27:23.935290
2;0;weighted;37;43;whites_won;1.8478903770446777;2022-05-19;00:27:24.816932
2;0;weighted;38;31;whites_won;1.077871561050415;2022-05-19;00:27:26.664822
2;0;weighted;39;36;black_won;0.937279462814331;2022-05-19;00:27:27.742694
2;0;weighted;40;41;whites_won;1.359055995941162;2022-05-19;00:27:28.679973
2;0;weighted;41;50;black_won;1.8371188640594482;2022-05-19;00:27:30.039029
2;0;weighted;42;23;whites_won;0.9005911350250244;2022-05-19;00:27:31.877145
2;0;weighted;43;18;black_won;0.5425491333007812;2022-05-19;00:27:32.778734
2;0;weighted;44;43;whites_won;1.6346290111541748;2022-05-19;00:27:33.323278
2;0;weighted;45;60;black_won;1.6864900588989258;2022-05-19;00:27:34.958904
2;0;weighted;46;16;black_won;0.5744636058807373;2022-05-19;00:27:36.646391
2;0;weighted;47;25;whites_won;0.9963357448577881;2022-05-19;00:27:37.221853
2;0;weighted;48;29;whites_won;0.6133594512939453;2022-05-19;00:27:38.220183
2;1;simple;0;68;draw;4.147929430007935;2022-05-19;00:26:41.780210
2;1;simple;1;43;whites_won;0.468639612197876;2022-05-19;00:26:45.928139
2;1;simple;2;43;whites_won;0.4061548709869385;2022-05-19;00:26:46.396779
2;1;simple;3;30;black_won;0.28118395805358887;2022-05-19;00:26:46.802934
2;1;simple;4;31;whites_won;0.34366893768310547;2022-05-19;00:26:47.084118
2;1;simple;5;57;whites_won;0.7386720180511475;2022-05-19;00:26:47.427787
2;1;simple;6;34;black_won;0.31116795539855957;2022-05-19;00:26:48.168453
2;1;simple;7;41;whites_won;0.265291690826416;2022-05-19;00:26:48.480618
2;1;simple;8;22;black_won;0.27227163314819336;2022-05-19;00:26:48.747904
2;1;simple;9;68;draw;4.583742380142212;2022-05-19;00:26:49.022170
2;1;simple;10;22;black_won;0.25531721115112305;2022-05-19;00:26:53.607907
2;1;simple;11;22;black_won;0.2603037357330322;2022-05-19;00:26:53.864222
2;1;simple;12;94;draw;1.954773187637329;2022-05-19;00:26:54.125523
2;1;simple;13;43;whites_won;0.35205864906311035;2022-05-19;00:26:56.083288
2;1;simple;14;57;whites_won;0.36602091789245605;2022-05-19;00:26:56.436344
2;1;simple;15;29;whites_won;0.20046424865722656;2022-05-19;00:26:56.803362
2;1;simple;16;43;whites_won;0.3480691909790039;2022-05-19;00:26:57.005821
2;1;simple;17;64;draw;4.201764345169067;2022-05-19;00:26:57.354887
2;1;simple;18;57;whites_won;0.4557812213897705;2022-05-19;00:27:01.558646
2;1;simple;19;31;whites_won;0.28523755073547363;2022-05-19;00:27:02.015424
2;1;simple;20;57;whites_won;0.4557812213897705;2022-05-19;00:27:02.301659
2;1;simple;21;41;whites_won;0.2622983455657959;2022-05-19;00:27:02.759435
2;1;simple;22;68;draw;4.079091787338257;2022-05-19;00:27:03.023728
2;1;simple;23;68;draw;4.259457111358643;2022-05-19;00:27:07.104814
2;1;simple;24;68;draw;4.342729568481445;2022-05-19;00:27:11.364271
2;1;simple;25;64;draw;4.140220642089844;2022-05-19;00:27:15.707001
2;1;simple;26;31;whites_won;0.2962076663970947;2022-05-19;00:27:19.850213
2;1;simple;27;31;whites_won;0.34407949447631836;2022-05-19;00:27:20.148416
2;1;simple;28;57;whites_won;0.49268221855163574;2022-05-19;00:27:20.494491
2;1;simple;29;31;whites_won;0.30817580223083496;2022-05-19;00:27:20.989168
2;1;simple;30;88;draw;1.6106929779052734;2022-05-19;00:27:21.299338
2;1;simple;31;75;draw;1.6615567207336426;2022-05-19;00:27:22.912026
2;1;simple;32;43;whites_won;0.34906697273254395;2022-05-19;00:27:24.575577
2;1;simple;33;68;draw;4.143869161605835;2022-05-19;00:27:24.926639
2;1;simple;34;68;draw;4.5898683071136475;2022-05-19;00:27:29.070508
2;1;simple;35;35;whites_won;0.2712748050689697;2022-05-19;00:27:33.663368
2;1;simple;36;94;draw;2.0056369304656982;2022-05-19;00:27:33.936638
2;1;simple;37;41;whites_won;0.26329588890075684;2022-05-19;00:27:35.945266
2;1;simple;38;57;whites_won;0.4478027820587158;2022-05-19;00:27:36.210557
2;1;simple;39;57;whites_won;0.4448106288909912;2022-05-19;00:27:36.660354
2;1;simple;40;30;black_won;0.2782566547393799;2022-05-19;00:27:37.106162
2;1;simple;41;74;draw;1.5019831657409668;2022-05-19;00:27:37.385415
2;1;simple;42;74;draw;3.2443244457244873;2022-05-19;00:27:38.890391
2;1;simple;43;22;black_won;0.3281230926513672;2022-05-19;00:27:42.137706
2;1;simple;44;43;whites_won;0.36602139472961426;2022-05-19;00:27:42.467824
2;1;simple;45;68;draw;4.1344687938690186;2022-05-19;00:27:42.834843
2;1;simple;46;75;draw;1.7183468341827393;2022-05-19;00:27:46.969311
2;1;simple;47;64;draw;4.235820770263672;2022-05-19;00:27:48.687658
2;1;simple;48;41;whites_won;0.2672853469848633;2022-05-19;00:27:52.925474
2;1;weighted;0;50;black_won;0.7113015651702881;2022-05-19;00:26:41.795831
2;1;weighted;1;52;black_won;0.6717174053192139;2022-05-19;00:26:42.507132
2;1;weighted;2;41;whites_won;0.3905324935913086;2022-05-19;00:26:43.178850
2;1;weighted;3;50;black_won;0.7341389656066895;2022-05-19;00:26:43.569382
2;1;weighted;4;36;black_won;0.6717166900634766;2022-05-19;00:26:44.303521
2;1;weighted;5;27;black_won;0.374910831451416;2022-05-19;00:26:45.006482
2;1;weighted;6;20;black_won;0.3749122619628906;2022-05-19;00:26:45.381392
2;1;weighted;7;41;whites_won;0.7342033386230469;2022-05-19;00:26:45.771926
2;1;weighted;8;16;black_won;0.3280463218688965;2022-05-19;00:26:46.506130
2;1;weighted;9;25;whites_won;0.5779891014099121;2022-05-19;00:26:46.834176
2;1;weighted;10;52;black_won;0.6864748001098633;2022-05-19;00:26:47.412165
2;1;weighted;11;36;black_won;0.5545170307159424;2022-05-19;00:26:48.099637
2;1;weighted;12;40;black_won;0.4966723918914795;2022-05-19;00:26:48.655151
2;1;weighted;13;53;whites_won;0.603386402130127;2022-05-19;00:26:49.152821
2;1;weighted;14;36;black_won;0.6761927604675293;2022-05-19;00:26:49.757204
2;1;weighted;15;16;black_won;0.23636817932128906;2022-05-19;00:26:50.434393
2;1;weighted;16;36;black_won;0.6482665538787842;2022-05-19;00:26:50.671759
2;1;weighted;17;25;whites_won;0.5694775581359863;2022-05-19;00:26:51.321023
2;1;weighted;18;52;black_won;0.9145541191101074;2022-05-19;00:26:51.893492
2;1;weighted;19;41;whites_won;0.44580793380737305;2022-05-19;00:26:52.808046
2;1;weighted;20;50;black_won;0.715087890625;2022-05-19;00:26:53.254851
2;1;weighted;21;23;black_won;0.42386674880981445;2022-05-19;00:26:53.970936
2;1;weighted;22;60;black_won;0.7539834976196289;2022-05-19;00:26:54.395800
2;1;weighted;23;52;black_won;0.42685842514038086;2022-05-19;00:26:55.150782
2;1;weighted;24;18;black_won;0.2483358383178711;2022-05-19;00:26:55.578637
2;1;weighted;25;78;draw;6.603341817855835;2022-05-19;00:26:55.827970
2;1;weighted;26;27;black_won;0.3061819076538086;2022-05-19;00:27:02.434304
2;1;weighted;27;40;black_won;0.5006613731384277;2022-05-19;00:27:02.741483
2;1;weighted;28;29;whites_won;0.4687461853027344;2022-05-19;00:27:03.243141
2;1;weighted;29;23;black_won;0.40392017364501953;2022-05-19;00:27:03.713882
2;1;weighted;30;52;black_won;0.5924155712127686;2022-05-19;00:27:04.118800
2;1;weighted;31;23;black_won;0.4228694438934326;2022-05-19;00:27:04.712213
2;1;weighted;32;50;black_won;0.8597011566162109;2022-05-19;00:27:05.136079
2;1;weighted;33;29;whites_won;0.32213830947875977;2022-05-19;00:27:05.996778
2;1;weighted;34;29;whites_won;0.32413363456726074;2022-05-19;00:27:06.320911
2;1;weighted;35;52;black_won;0.7719359397888184;2022-05-19;00:27:06.647039
2;1;weighted;36;41;whites_won;0.6333060264587402;2022-05-19;00:27:07.419972
2;1;weighted;37;43;whites_won;0.8896207809448242;2022-05-19;00:27:08.054276
2;1;weighted;38;60;black_won;0.5854344367980957;2022-05-19;00:27:08.945891
2;1;weighted;39;36;black_won;0.6213388442993164;2022-05-19;00:27:09.532323
2;1;weighted;40;52;black_won;0.6316237449645996;2022-05-19;00:27:10.154659
2;1;weighted;41;45;whites_won;0.937279224395752;2022-05-19;00:27:10.786283
2;1;weighted;42;78;draw;6.8361029624938965;2022-05-19;00:27:11.723562
2;1;weighted;43;40;black_won;0.5056478977203369;2022-05-19;00:27:18.561659
2;1;weighted;44;36;black_won;0.565488338470459;2022-05-19;00:27:19.068305
2;1;weighted;45;36;black_won;0.5664846897125244;2022-05-19;00:27:19.634790
2;1;weighted;46;36;black_won;0.5614981651306152;2022-05-19;00:27:20.202272
2;1;weighted;47;29;whites_won;0.33510541915893555;2022-05-19;00:27:20.764769
2;1;weighted;48;25;whites_won;0.5954077243804932;2022-05-19;00:27:21.101867
3;0;simple;0;30;black_won;4.929816961288452;2022-05-19;00:26:51.277140
3;0;simple;1;68;draw;118.53478336334229;2022-05-19;00:26:56.207955
3;0;simple;2;88;draw;118.6120502948761;2022-05-19;00:28:54.744732
3;0;simple;3;68;draw;120.1698043346405;2022-05-19;00:30:53.358776
3;0;simple;4;30;black_won;4.811369895935059;2022-05-19;00:32:53.544202
3;0;simple;5;68;draw;119.49785876274109;2022-05-19;00:32:58.355572
3;0;simple;6;43;whites_won;6.557966709136963;2022-05-19;00:34:57.853431
3;0;simple;7;22;black_won;4.788831472396851;2022-05-19;00:35:04.411397
3;0;simple;8;43;whites_won;6.438501596450806;2022-05-19;00:35:09.200229
3;0;simple;9;74;draw;133.69629096984863;2022-05-19;00:35:15.638730
3;0;simple;10;43;whites_won;6.59120512008667;2022-05-19;00:37:29.335021
3;0;simple;11;74;draw;133.7103977203369;2022-05-19;00:37:35.926226
3;0;simple;12;68;draw;119.31577181816101;2022-05-19;00:39:49.652245
3;0;simple;13;66;draw;119.28313326835632;2022-05-19;00:41:48.968017
3;0;simple;14;68;draw;126.74111843109131;2022-05-19;00:43:48.251150
3;0;simple;15;22;black_won;6.431451082229614;2022-05-19;00:45:54.992269
3;0;simple;16;57;whites_won;10.255110025405884;2022-05-19;00:46:01.423720
3;0;simple;17;74;draw;134.3475751876831;2022-05-19;00:46:11.694451
3;0;simple;18;31;whites_won;3.814610242843628;2022-05-19;00:48:26.042026
3;0;simple;19;74;draw;114.90565538406372;2022-05-19;00:48:29.856637
3;0;simple;20;43;whites_won;6.593203544616699;2022-05-19;00:50:24.762292
3;0;simple;21;68;draw;119.7361946105957;2022-05-19;00:50:31.371117
3;0;simple;22;88;draw;113.53621053695679;2022-05-19;00:52:31.122933
3;0;simple;23;35;whites_won;4.220764875411987;2022-05-19;00:54:24.659143
3;0;simple;24;31;whites_won;3.9496963024139404;2022-05-19;00:54:28.879908
3;0;simple;25;74;draw;111.77628779411316;2022-05-19;00:54:32.829604
3;0;simple;26;94;draw;125.56102514266968;2022-05-19;00:56:24.621513
3;0;simple;27;74;draw;134.32631540298462;2022-05-19;00:58:30.182538
3;0;simple;28;88;draw;114.43565320968628;2022-05-19;01:00:44.508854
3;0;simple;29;29;whites_won;3.421069622039795;2022-05-19;01:02:38.944507
3;0;simple;30;74;draw;111.55555653572083;2022-05-19;01:02:42.381201
3;0;simple;31;88;draw;113.45951724052429;2022-05-19;01:04:33.936758
3;0;simple;32;88;draw;113.4181740283966;2022-05-19;01:06:27.396275
3;0;simple;33;74;draw;134.563969373703;2022-05-19;01:08:20.814449
3;0;simple;34;43;whites_won;6.585088014602661;2022-05-19;01:10:35.378418
3;0;simple;35;92;draw;120.49209260940552;2022-05-19;01:10:41.963506
3;0;simple;36;29;whites_won;3.405449151992798;2022-05-19;01:12:42.455599
3;0;simple;37;57;whites_won;8.687464475631714;2022-05-19;01:12:45.861048
3;0;simple;38;30;black_won;5.012454271316528;2022-05-19;01:12:54.548512
3;0;simple;39;41;whites_won;4.030302286148071;2022-05-19;01:12:59.560967
3;0;simple;40;68;draw;120.22918677330017;2022-05-19;01:13:03.591269
3;0;simple;41;83;draw;126.77392768859863;2022-05-19;01:15:03.820456
3;0;simple;42;43;whites_won;5.826259136199951;2022-05-19;01:17:10.594383
3;0;simple;43;68;draw;119.41650533676147;2022-05-19;01:17:16.420643
3;0;simple;44;74;draw;135.79678320884705;2022-05-19;01:19:15.837148
3;0;simple;45;43;whites_won;6.4283764362335205;2022-05-19;01:21:31.633931
3;0;simple;46;57;whites_won;8.66484022140503;2022-05-19;01:21:38.062308
3;0;simple;47;43;whites_won;6.641608238220215;2022-05-19;01:21:46.727148
3;0;simple;48;43;whites_won;6.263661861419678;2022-05-19;01:21:53.368756
3;0;weighted;0;93;draw;445.402774810791;2022-05-19;00:26:58.673362
3;0;weighted;1;48;black_won;35.90179419517517;2022-05-19;00:34:24.076137
3;0;weighted;2;78;draw;398.991938829422;2022-05-19;00:34:59.993553
3;0;weighted;3;86;draw;413.4118399620056;2022-05-19;00:41:38.985491
3;0;weighted;4;30;black_won;7.826285123825073;2022-05-19;00:48:32.397331
3;0;weighted;5;24;whites_won;12.297896146774292;2022-05-19;00:48:40.239238
3;0;weighted;6;30;black_won;7.57486367225647;2022-05-19;00:48:52.537135
3;0;weighted;7;22;black_won;8.983773946762085;2022-05-19;00:49:00.111998
3;0;weighted;8;22;black_won;8.37003231048584;2022-05-19;00:49:09.095772
3;0;weighted;9;53;whites_won;13.16678762435913;2022-05-19;00:49:17.465805
3;0;weighted;10;29;whites_won;7.662461042404175;2022-05-19;00:49:30.632592
3;0;weighted;11;92;draw;378.4177303314209;2022-05-19;00:49:38.295053
3;0;weighted;12;48;black_won;36.39001417160034;2022-05-19;00:55:56.712784
3;0;weighted;13;41;whites_won;10.87244462966919;2022-05-19;00:56:33.102798
3;0;weighted;14;22;black_won;9.013506412506104;2022-05-19;00:56:43.975242
3;0;weighted;15;78;draw;399.36666226387024;2022-05-19;00:56:52.988749
3;0;weighted;16;24;whites_won;13.465599060058594;2022-05-19;01:03:32.355411
3;0;weighted;17;86;draw;405.5114839076996;2022-05-19;01:03:45.821010
3;0;weighted;18;24;whites_won;12.817997455596924;2022-05-19;01:10:31.348116
3;0;weighted;19;78;draw;347.49165320396423;2022-05-19;01:10:44.166113
3;0;weighted;20;30;black_won;7.4488844871521;2022-05-19;01:16:31.689010
3;0;weighted;21;24;whites_won;12.68857192993164;2022-05-19;01:16:39.137895
3;0;weighted;22;30;black_won;7.680091142654419;2022-05-19;01:16:51.826467
3;0;weighted;23;24;whites_won;12.228181600570679;2022-05-19;01:16:59.506558
3;0;weighted;24;35;whites_won;10.759106636047363;2022-05-19;01:17:11.750361
3;0;weighted;25;78;draw;405.9687967300415;2022-05-19;01:17:22.509468
3;0;weighted;26;24;whites_won;12.681517601013184;2022-05-19;01:24:08.478265
3;0;weighted;27;24;whites_won;11.872214794158936;2022-05-19;01:24:21.159782
3;0;weighted;28;92;draw;374.470267534256;2022-05-19;01:24:33.031997
3;0;weighted;29;24;whites_won;12.812507152557373;2022-05-19;01:30:47.502265
3;0;weighted;30;89;draw;373.1711845397949;2022-05-19;01:31:00.314772
3;0;weighted;31;22;black_won;7.822289228439331;2022-05-19;01:37:13.485956
3;0;weighted;32;77;draw;370.35072660446167;2022-05-19;01:37:21.308246
3;0;weighted;33;24;whites_won;12.567054033279419;2022-05-19;01:43:31.658972
3;0;weighted;34;29;whites_won;7.217054128646851;2022-05-19;01:43:44.226026
3;0;weighted;35;30;black_won;7.73306131362915;2022-05-19;01:43:51.443080
3;0;weighted;36;29;whites_won;7.4332568645477295;2022-05-19;01:43:59.176142
3;0;weighted;37;30;black_won;7.8156774044036865;2022-05-19;01:44:06.609398
3;0;weighted;38;89;draw;371.2850902080536;2022-05-19;01:44:14.425076
3;0;weighted;39;24;whites_won;12.871503829956055;2022-05-19;01:50:25.710166
3;0;weighted;40;48;black_won;35.98484921455383;2022-05-19;01:50:38.581670
3;0;weighted;41;22;black_won;8.079235315322876;2022-05-19;01:51:14.566519
3;0;weighted;42;92;draw;373.73364067077637;2022-05-19;01:51:22.645755
3;0;weighted;43;86;draw;401.79985070228577;2022-05-19;01:57:36.379395
3;0;weighted;44;22;black_won;8.167975664138794;2022-05-19;02:04:18.179246
3;0;weighted;45;22;black_won;7.9829254150390625;2022-05-19;02:04:26.347221
3;0;weighted;46;24;whites_won;16.0849871635437;2022-05-19;02:04:34.330147
3;0;weighted;47;24;whites_won;15.656581163406372;2022-05-19;02:04:50.415134
3;0;weighted;48;89;draw;372.4966125488281;2022-05-19;02:05:06.071715
3;1;simple;0;43;whites_won;1.9108893871307373;2022-05-19;00:26:52.443023
3;1;simple;1;57;whites_won;1.4112262725830078;2022-05-19;00:26:54.355907
3;1;simple;2;29;whites_won;0.636298656463623;2022-05-19;00:26:55.769128
3;1;simple;3;25;whites_won;0.7170827388763428;2022-05-19;00:26:56.407421
3;1;simple;4;68;draw;13.472973346710205;2022-05-19;00:26:57.126498
3;1;simple;5;94;draw;7.7128565311431885;2022-05-19;00:27:10.605454
3;1;simple;6;66;draw;10.827311515808105;2022-05-19;00:27:18.321302
3;1;simple;7;57;whites_won;1.5152697563171387;2022-05-19;00:27:29.148614
3;1;simple;8;43;whites_won;1.777752161026001;2022-05-19;00:27:30.663883
3;1;simple;9;74;draw;6.7339928150177;2022-05-19;00:27:32.442633
3;1;simple;10;74;draw;10.398455381393433;2022-05-19;00:27:39.179617
3;1;simple;11;30;black_won;0.945793867111206;2022-05-19;00:27:49.578073
3;1;simple;12;43;whites_won;1.7493515014648438;2022-05-19;00:27:50.523867
3;1;simple;13;74;draw;10.404934883117676;2022-05-19;00:27:52.274215
3;1;simple;14;74;draw;9.976269006729126;2022-05-19;00:28:02.681145
3;1;simple;15;88;draw;11.221813201904297;2022-05-19;00:28:12.657414
3;1;simple;16;68;draw;14.956983804702759;2022-05-19;00:28:23.881222
3;1;simple;17;68;draw;13.886928081512451;2022-05-19;00:28:38.840200
3;1;simple;18;57;whites_won;1.4261863231658936;2022-05-19;00:28:52.730120
3;1;simple;19;57;whites_won;1.442143440246582;2022-05-19;00:28:54.157303
3;1;simple;20;22;black_won;0.8517224788665771;2022-05-19;00:28:55.601441
3;1;simple;21;88;draw;11.901175022125244;2022-05-19;00:28:56.454161
3;1;simple;22;92;draw;8.02385401725769;2022-05-19;00:29:08.358328
3;1;simple;23;43;whites_won;1.5939133167266846;2022-05-19;00:29:16.382182
3;1;simple;24;74;draw;10.292010068893433;2022-05-19;00:29:17.978090
3;1;simple;25;31;whites_won;0.7498228549957275;2022-05-19;00:29:28.285722
3;1;simple;26;43;whites_won;1.7682819366455078;2022-05-19;00:29:29.035545
3;1;simple;27;68;draw;14.777569055557251;2022-05-19;00:29:30.805822
3;1;simple;28;68;draw;14.180851936340332;2022-05-19;00:29:45.585386
3;1;simple;29;74;draw;6.953176259994507;2022-05-19;00:29:59.766238
3;1;simple;30;57;whites_won;1.435490369796753;2022-05-19;00:30:06.722406
3;1;simple;31;57;whites_won;1.4996466636657715;2022-05-19;00:30:08.173518
3;1;simple;32;57;whites_won;1.4961519241333008;2022-05-19;00:30:09.673164
3;1;simple;33;74;draw;13.085288047790527;2022-05-19;00:30:11.169316
3;1;simple;34;68;draw;14.628880500793457;2022-05-19;00:30:24.257597
3;1;simple;35;57;whites_won;1.4072363376617432;2022-05-19;00:30:38.888472
3;1;simple;36;74;draw;9.918476581573486;2022-05-19;00:30:40.297704
3;1;simple;37;22;black_won;0.9135572910308838;2022-05-19;00:30:50.218175
3;1;simple;38;29;whites_won;0.6981327533721924;2022-05-19;00:30:51.132729
3;1;simple;39;43;whites_won;1.8580315113067627;2022-05-19;00:30:51.832857
3;1;simple;40;57;whites_won;1.4062390327453613;2022-05-19;00:30:53.691886
3;1;simple;41;30;black_won;0.8537173271179199;2022-05-19;00:30:55.100120
3;1;simple;42;43;whites_won;1.685931921005249;2022-05-19;00:30:55.954834
3;1;simple;43;74;draw;12.175634145736694;2022-05-19;00:30:57.640766
3;1;simple;44;30;black_won;0.8178284168243408;2022-05-19;00:31:09.816400
3;1;simple;45;57;whites_won;1.6402394771575928;2022-05-19;00:31:10.634228
3;1;simple;46;83;draw;9.16994571685791;2022-05-19;00:31:12.274468
3;1;simple;47;68;draw;14.157872438430786;2022-05-19;00:31:21.444414
3;1;simple;48;94;draw;7.675074577331543;2022-05-19;00:31:35.602286
3;1;weighted;0;22;black_won;2.630964517593384;2022-05-19;00:27:00.001809
3;1;weighted;1;41;whites_won;2.6768414974212646;2022-05-19;00:27:02.634768
3;1;weighted;2;24;whites_won;4.711400508880615;2022-05-19;00:27:05.313605
3;1;weighted;3;48;black_won;6.10679030418396;2022-05-19;00:27:10.027001
3;1;weighted;4;24;whites_won;4.703782081604004;2022-05-19;00:27:16.133791
3;1;weighted;5;30;black_won;1.9348256587982178;2022-05-19;00:27:20.842560
3;1;weighted;6;22;black_won;2.4873483180999756;2022-05-19;00:27:22.778383
3;1;weighted;7;22;black_won;2.4447226524353027;2022-05-19;00:27:25.266729
3;1;weighted;8;41;whites_won;2.8118388652801514;2022-05-19;00:27:27.711451
3;1;weighted;9;24;whites_won;4.77071738243103;2022-05-19;00:27:30.523290
3;1;weighted;10;22;black_won;2.3407399654388428;2022-05-19;00:27:35.296003
3;1;weighted;11;39;whites_won;6.197427272796631;2022-05-19;00:27:37.638738
3;1;weighted;12;78;draw;22.28278636932373;2022-05-19;00:27:43.838160
3;1;weighted;13;78;draw;21.87626838684082;2022-05-19;00:28:06.123938
3;1;weighted;14;22;black_won;2.507086992263794;2022-05-19;00:28:28.003199
3;1;weighted;15;24;whites_won;5.305002450942993;2022-05-19;00:28:30.510286
3;1;weighted;16;22;black_won;2.4354870319366455;2022-05-19;00:28:35.817284
3;1;weighted;17;78;draw;22.836994409561157;2022-05-19;00:28:38.254765
3;1;weighted;18;78;draw;30.611661911010742;2022-05-19;00:29:01.095749
3;1;weighted;19;48;black_won;6.949408531188965;2022-05-19;00:29:31.712398
3;1;weighted;20;30;black_won;2.2590525150299072;2022-05-19;00:29:38.661806
3;1;weighted;21;85;draw;38.57044005393982;2022-05-19;00:29:40.921856
3;1;weighted;22;92;draw;23.56602454185486;2022-05-19;00:30:19.492297
3;1;weighted;23;24;whites_won;4.514926433563232;2022-05-19;00:30:43.061313
3;1;weighted;24;93;draw;33.78807353973389;2022-05-19;00:30:47.578234
3;1;weighted;25;24;whites_won;5.2890260219573975;2022-05-19;00:31:21.366308
3;1;weighted;26;89;draw;27.893133878707886;2022-05-19;00:31:26.655334
3;1;weighted;27;29;whites_won;2.2610933780670166;2022-05-19;00:31:54.548468
3;1;weighted;28;86;draw;31.633713960647583;2022-05-19;00:31:56.809561
3;1;weighted;29;41;whites_won;2.665647029876709;2022-05-19;00:32:28.443275
3;1;weighted;30;78;draw;22.35717797279358;2022-05-19;00:32:31.108922
3;1;weighted;31;78;draw;22.18079900741577;2022-05-19;00:32:53.466100
3;1;weighted;32;22;black_won;2.4510514736175537;2022-05-19;00:33:15.646899
3;1;weighted;33;24;whites_won;4.43645715713501;2022-05-19;00:33:18.097950
3;1;weighted;34;22;black_won;2.468169927597046;2022-05-19;00:33:22.534408
3;1;weighted;35;41;whites_won;2.6742608547210693;2022-05-19;00:33:25.002578
3;1;weighted;36;29;whites_won;2.218229055404663;2022-05-19;00:33:27.676839
3;1;weighted;37;78;draw;21.92111325263977;2022-05-19;00:33:29.895067
3;1;weighted;38;30;black_won;1.914323091506958;2022-05-19;00:33:51.816181
3;1;weighted;39;22;black_won;2.483790874481201;2022-05-19;00:33:53.730504
3;1;weighted;40;22;black_won;2.2807140350341797;2022-05-19;00:33:56.214295
3;1;weighted;41;30;black_won;1.7964527606964111;2022-05-19;00:33:58.495009
3;1;weighted;42;92;draw;22.34751319885254;2022-05-19;00:34:00.291461
3;1;weighted;43;22;black_won;2.593140125274658;2022-05-19;00:34:22.638975
3;1;weighted;44;24;whites_won;4.795747518539429;2022-05-19;00:34:25.232115
3;1;weighted;45;30;black_won;2.024176597595215;2022-05-19;00:34:30.027862
3;1;weighted;46;78;draw;30.87532639503479;2022-05-19;00:34:32.052039
3;1;weighted;47;77;draw;29.77686381340027;2022-05-19;00:35:02.942986
3;1;weighted;48;30;black_won;2.07763671875;2022-05-19;00:35:32.719849
4;0;simple;0;40;black_won;32.22453474998474;2022-05-19;00:27:22.107179
4;0;simple;1;40;black_won;25.06350541114807;2022-05-19;00:27:54.333708
4;0;simple;2;45;whites_won;34.256436586380005;2022-05-19;00:28:19.397214
4;0;simple;3;29;whites_won;25.455415725708008;2022-05-19;00:28:53.654648
4;0;simple;4;50;black_won;48.862000942230225;2022-05-19;00:29:19.112058
4;0;simple;5;54;black_won;136.61836338043213;2022-05-19;00:30:07.978049
4;0;simple;6;80;black_won;1156.153270483017;2022-05-19;00:32:24.596412
4;0;simple;7;25;whites_won;22.239797592163086;2022-05-19;00:51:40.749682
4;0;simple;8;87;draw;1366.9593331813812;2022-05-19;00:52:02.989480
4;0;simple;9;54;black_won;131.15112018585205;2022-05-19;01:14:49.948813
4;0;simple;10;44;black_won;30.70263433456421;2022-05-19;01:17:01.099934
4;0;simple;11;52;black_won;142.48042798042297;2022-05-19;01:17:31.802568
4;0;simple;12;29;whites_won;25.289852619171143;2022-05-19;01:19:54.282996
4;0;simple;13;52;black_won;145.87636065483093;2022-05-19;01:20:19.572848
4;0;simple;14;44;black_won;30.776588439941406;2022-05-19;01:22:45.449209
4;0;simple;15;54;black_won;130.8485062122345;2022-05-19;01:23:16.225797
4;0;simple;16;57;whites_won;39.591872215270996;2022-05-19;01:25:27.074304
4;0;simple;17;44;black_won;30.410619020462036;2022-05-19;01:26:06.681797
4;0;simple;18;57;whites_won;40.22387504577637;2022-05-19;01:26:37.092417
4;0;simple;19;60;black_won;27.11405897140503;2022-05-19;01:27:17.316292
4;0;simple;20;54;black_won;132.51160860061646;2022-05-19;01:27:44.430351
4;0;simple;21;50;black_won;48.63888192176819;2022-05-19;01:29:56.941959
4;0;simple;22;35;whites_won;27.23400068283081;2022-05-19;01:30:45.580841
4;0;simple;23;40;black_won;23.884489059448242;2022-05-19;01:31:12.814842
4;0;simple;24;40;black_won;26.64499807357788;2022-05-19;01:31:36.699331
4;0;simple;25;80;black_won;1139.6755239963531;2022-05-19;01:32:03.344329
4;0;simple;26;34;black_won;20.656909465789795;2022-05-19;01:51:03.019853
4;0;simple;27;40;black_won;23.6127667427063;2022-05-19;01:51:23.676762
4;0;simple;28;57;whites_won;40.051517724990845;2022-05-19;01:51:47.289529
4;0;simple;29;35;whites_won;26.830271005630493;2022-05-19;01:52:27.341047
4;0;simple;30;51;whites_won;27.861857414245605;2022-05-19;01:52:54.171318
4;0;simple;31;59;whites_won;116.63825750350952;2022-05-19;01:53:22.048796
4;0;simple;32;70;black_won;127.3842658996582;2022-05-19;01:55:18.687053
4;0;simple;33;50;black_won;47.84958863258362;2022-05-19;01:57:26.071319
4;0;simple;34;44;black_won;29.708471536636353;2022-05-19;01:58:13.920908
4;0;simple;35;44;black_won;29.642205953598022;2022-05-19;01:58:43.645001
4;0;simple;36;50;black_won;47.59389805793762;2022-05-19;01:59:13.287207
4;0;simple;37;80;black_won;1149.2258298397064;2022-05-19;02:00:00.896726
4;0;simple;38;57;whites_won;39.67312240600586;2022-05-19;02:19:10.122556
4;0;simple;39;35;whites_won;26.552679300308228;2022-05-19;02:19:49.795678
4;0;simple;40;43;whites_won;24.978954076766968;2022-05-19;02:20:16.348358
4;0;simple;41;29;whites_won;24.785450220108032;2022-05-19;02:20:41.327312
4;0;simple;42;44;black_won;30.690348386764526;2022-05-19;02:21:06.112762
4;0;simple;43;44;black_won;29.55300235748291;2022-05-19;02:21:36.803111
4;0;simple;44;60;black_won;28.05422878265381;2022-05-19;02:22:06.356113
4;0;simple;45;44;black_won;30.300333261489868;2022-05-19;02:22:34.410342
4;0;simple;46;36;black_won;23.952511310577393;2022-05-19;02:23:04.710675
4;0;simple;47;36;black_won;24.822808980941772;2022-05-19;02:23:28.663186
4;0;simple;48;44;black_won;30.42435359954834;2022-05-19;02:23:53.485995
4;0;weighted;0;42;black_won;39.69519066810608;2022-05-19;00:27:53.642557
4;0;weighted;1;87;draw;6076.183284521103;2022-05-19;00:28:33.337747
4;0;weighted;2;34;black_won;57.21498775482178;2022-05-19;02:09:49.536653
4;0;weighted;3;49;whites_won;260.55778646469116;2022-05-19;02:10:46.767262
4;0;weighted;4;43;whites_won;47.87631106376648;2022-05-19;02:15:07.340670
4;0;weighted;5;62;black_won;106.92876553535461;2022-05-19;02:15:55.216981
4;0;weighted;6;35;whites_won;35.84187126159668;2022-05-19;02:17:42.145746
4;0;weighted;7;35;whites_won;35.81812119483948;2022-05-19;02:18:18.003239
4;0;weighted;8;48;black_won;206.89166355133057;2022-05-19;02:18:53.821361
4;0;weighted;9;28;black_won;59.71371245384216;2022-05-19;02:22:20.713024
4;0;weighted;10;57;whites_won;78.37175440788269;2022-05-19;02:23:20.426737
4;0;weighted;11;28;black_won;59.49232292175293;2022-05-19;02:24:38.814113
4;0;weighted;12;43;whites_won;47.45250725746155;2022-05-19;02:25:38.306436
4;0;weighted;13;39;whites_won;55.82749676704407;2022-05-19;02:26:25.758943
4;0;weighted;14;26;black_won;77.35464286804199;2022-05-19;02:27:21.586440
4;0;weighted;15;41;whites_won;66.60858392715454;2022-05-19;02:28:38.941082
4;0;weighted;16;26;black_won;76.56796503067017;2022-05-19;02:29:45.549666
4;0;weighted;17;34;black_won;54.73111176490784;2022-05-19;02:31:02.117631
4;0;weighted;18;57;whites_won;78.53456258773804;2022-05-19;02:31:56.848743
4;0;weighted;19;43;whites_won;49.134605169296265;2022-05-19;02:33:15.383306
4;0;weighted;20;43;whites_won;60.59913110733032;2022-05-19;02:34:04.533532
4;0;weighted;21;35;whites_won;35.08813428878784;2022-05-19;02:35:05.132663
4;0;weighted;22;62;black_won;108.85690402984619;2022-05-19;02:35:40.220797
4;0;weighted;23;35;whites_won;35.22965121269226;2022-05-19;02:37:29.077701
4;0;weighted;24;34;black_won;57.194621086120605;2022-05-19;02:38:04.322974
4;0;weighted;25;25;whites_won;54.06277918815613;2022-05-19;02:39:01.517595
4;0;weighted;26;22;black_won;59.7589795589447;2022-05-19;02:39:55.580374
4;0;weighted;27;34;black_won;54.6973659992218;2022-05-19;02:40:55.339354
4;0;weighted;28;36;black_won;57.91572642326355;2022-05-19;02:41:50.036720
4;0;weighted;29;34;black_won;55.0584442615509;2022-05-19;02:42:47.952446
4;0;weighted;30;48;black_won;79.81487321853638;2022-05-19;02:43:43.010891
4;0;weighted;31;25;whites_won;53.29000210762024;2022-05-19;02:45:02.825764
4;0;weighted;32;25;whites_won;54.41386890411377;2022-05-19;02:45:56.131387
4;0;weighted;33;26;black_won;60.04174447059631;2022-05-19;02:46:50.545257
4;0;weighted;34;34;black_won;55.72014570236206;2022-05-19;02:47:50.587001
4;0;weighted;35;48;black_won;81.44113087654114;2022-05-19;02:48:46.307147
4;0;weighted;36;35;whites_won;36.30694031715393;2022-05-19;02:50:07.748277
4;0;weighted;37;43;whites_won;47.17190980911255;2022-05-19;02:50:44.055218
4;0;weighted;38;48;black_won;81.46554780006409;2022-05-19;02:51:31.227128
4;0;weighted;39;23;black_won;65.75721883773804;2022-05-19;02:52:52.692675
4;0;weighted;40;62;black_won;108.62580800056458;2022-05-19;02:53:58.465516
4;0;weighted;41;28;black_won;60.53358769416809;2022-05-19;02:55:47.091324
4;0;weighted;42;34;black_won;55.460070848464966;2022-05-19;02:56:47.624911
4;0;weighted;43;25;whites_won;55.99739122390747;2022-05-19;02:57:43.084982
4;0;weighted;44;43;whites_won;72.13358807563782;2022-05-19;02:58:39.082373
4;0;weighted;45;43;whites_won;48.277899503707886;2022-05-19;02:59:51.215961
4;0;weighted;46;34;black_won;56.61023306846619;2022-05-19;03:00:39.493861
4;0;weighted;47;49;whites_won;266.17413783073425;2022-05-19;03:01:36.104094
4;0;weighted;48;49;whites_won;275.2961196899414;2022-05-19;03:06:02.278232
4;1;simple;0;45;whites_won;4.5574586391448975;2022-05-19;00:27:40.412322
4;1;simple;1;45;whites_won;4.56142783164978;2022-05-19;00:27:44.969781
4;1;simple;2;60;black_won;2.9833638668060303;2022-05-19;00:27:49.531209
4;1;simple;3;36;black_won;2.0664737224578857;2022-05-19;00:27:52.514573
4;1;simple;4;40;black_won;2.6479194164276123;2022-05-19;00:27:54.582044
4;1;simple;5;43;whites_won;2.4504408836364746;2022-05-19;00:27:57.233952
4;1;simple;6;80;black_won;37.12523674964905;2022-05-19;00:27:59.684393
4;1;simple;7;45;whites_won;4.82361364364624;2022-05-19;00:28:36.810627
4;1;simple;8;40;black_won;3.1086440086364746;2022-05-19;00:28:41.634241
4;1;simple;9;40;black_won;2.6943883895874023;2022-05-19;00:28:44.742885
4;1;simple;10;60;black_won;2.549182891845703;2022-05-19;00:28:47.438271
4;1;simple;11;34;black_won;2.4833590984344482;2022-05-19;00:28:49.988451
4;1;simple;12;45;whites_won;4.794180154800415;2022-05-19;00:28:52.472808
4;1;simple;13;40;black_won;2.8753108978271484;2022-05-19;00:28:57.267985
4;1;simple;14;40;black_won;3.391929864883423;2022-05-19;00:29:00.144293
4;1;simple;15;25;whites_won;2.7566280364990234;2022-05-19;00:29:03.537220
4;1;simple;16;44;black_won;2.6598870754241943;2022-05-19;00:29:06.295843
4;1;simple;17;40;black_won;3.0147311687469482;2022-05-19;00:29:08.956727
4;1;simple;18;36;black_won;2.270602226257324;2022-05-19;00:29:11.971458
4;1;simple;19;45;whites_won;4.530904054641724;2022-05-19;00:29:14.242061
4;1;simple;20;51;whites_won;3.185481548309326;2022-05-19;00:29:18.773962
4;1;simple;21;34;black_won;2.3096015453338623;2022-05-19;00:29:21.961439
4;1;simple;22;60;black_won;2.655625820159912;2022-05-19;00:29:24.271040
4;1;simple;23;45;whites_won;4.590254783630371;2022-05-19;00:29:26.926666
4;1;simple;24;30;black_won;2.0385491847991943;2022-05-19;00:29:31.517918
4;1;simple;25;40;black_won;3.5245749950408936;2022-05-19;00:29:33.557464
4;1;simple;26;52;black_won;5.544259548187256;2022-05-19;00:29:37.082039
4;1;simple;27;60;black_won;4.472229480743408;2022-05-19;00:29:42.627296
4;1;simple;28;40;black_won;2.718111276626587;2022-05-19;00:29:47.099526
4;1;simple;29;43;whites_won;2.4989469051361084;2022-05-19;00:29:49.817637
4;1;simple;30;60;black_won;4.208745002746582;2022-05-19;00:29:52.317581
4;1;simple;31;43;whites_won;2.551575183868408;2022-05-19;00:29:56.527324
4;1;simple;32;43;whites_won;2.468170404434204;2022-05-19;00:29:59.078899
4;1;simple;33;30;black_won;1.6687142848968506;2022-05-19;00:30:01.547069
4;1;simple;34;43;whites_won;2.5431995391845703;2022-05-19;00:30:03.216781
4;1;simple;35;40;black_won;4.458933353424072;2022-05-19;00:30:05.760977
4;1;simple;36;30;black_won;1.6679861545562744;2022-05-19;00:30:10.219911
4;1;simple;37;70;black_won;12.281934261322021;2022-05-19;00:30:11.887897
4;1;simple;38;60;black_won;2.918196201324463;2022-05-19;00:30:24.170829
4;1;simple;39;29;whites_won;2.5801002979278564;2022-05-19;00:30:27.089025
4;1;simple;40;44;black_won;2.8164684772491455;2022-05-19;00:30:29.670123
4;1;simple;41;36;black_won;2.129305839538574;2022-05-19;00:30:32.487588
4;1;simple;42;80;black_won;38.25018668174744;2022-05-19;00:30:34.617892
4;1;simple;43;44;black_won;2.186985492706299;2022-05-19;00:31:12.868078
4;1;simple;44;57;whites_won;4.030529499053955;2022-05-19;00:31:15.055064
4;1;simple;45;29;whites_won;2.499412775039673;2022-05-19;00:31:19.085593
4;1;simple;46;45;whites_won;4.179911851882935;2022-05-19;00:31:21.585006
4;1;simple;47;51;whites_won;3.236623525619507;2022-05-19;00:31:25.764918
4;1;simple;48;34;black_won;2.2272448539733887;2022-05-19;00:31:29.001542
4;1;weighted;0;85;draw;304.75554966926575;2022-05-19;00:28:59.104076
4;1;weighted;1;26;black_won;7.201431512832642;2022-05-19;00:34:03.859625
4;1;weighted;2;87;draw;353.5200915336609;2022-05-19;00:34:11.061057
4;1;weighted;3;26;black_won;4.811368465423584;2022-05-19;00:40:04.581149
4;1;weighted;4;39;whites_won;4.611295700073242;2022-05-19;00:40:09.392517
4;1;weighted;5;48;black_won;9.747709512710571;2022-05-19;00:40:14.003813
4;1;weighted;6;25;whites_won;5.077440500259399;2022-05-19;00:40:23.751522
4;1;weighted;7;41;whites_won;7.3968915939331055;2022-05-19;00:40:28.828963
4;1;weighted;8;49;whites_won;13.97911524772644;2022-05-19;00:40:36.225854
4;1;weighted;9;25;whites_won;5.080476760864258;2022-05-19;00:40:50.204969
4;1;weighted;10;34;black_won;8.99589467048645;2022-05-19;00:40:55.301067
4;1;weighted;11;26;black_won;7.260919094085693;2022-05-19;00:41:04.296962
4;1;weighted;12;36;whites_won;7.180817604064941;2022-05-19;00:41:11.573502
4;1;weighted;13;39;whites_won;4.867782354354858;2022-05-19;00:41:18.769941
4;1;weighted;14;34;black_won;8.071729183197021;2022-05-19;00:41:23.637723
4;1;weighted;15;48;black_won;10.978293418884277;2022-05-19;00:41:31.709453
4;1;weighted;16;62;black_won;14.834150552749634;2022-05-19;00:41:42.687746
4;1;weighted;17;87;draw;362.5225911140442;2022-05-19;00:41:57.521897
4;1;weighted;18;39;whites_won;4.889475584030151;2022-05-19;00:48:00.044488
4;1;weighted;19;38;black_won;6.227423429489136;2022-05-19;00:48:04.933963
4;1;weighted;20;57;whites_won;8.025373220443726;2022-05-19;00:48:11.161387
4;1;weighted;21;43;whites_won;7.6050896644592285;2022-05-19;00:48:19.186760
4;1;weighted;22;36;whites_won;6.94891619682312;2022-05-19;00:48:26.791850
4;1;weighted;23;22;black_won;5.295629262924194;2022-05-19;00:48:33.740766
4;1;weighted;24;39;whites_won;4.664679288864136;2022-05-19;00:48:39.036395
4;1;weighted;25;35;whites_won;4.5331854820251465;2022-05-19;00:48:43.701075
4;1;weighted;26;42;black_won;5.5722150802612305;2022-05-19;00:48:48.234260
4;1;weighted;27;43;whites_won;8.101975917816162;2022-05-19;00:48:53.806475
4;1;weighted;28;35;whites_won;4.646043062210083;2022-05-19;00:49:01.908451
4;1;weighted;29;43;whites_won;6.584202527999878;2022-05-19;00:49:06.554494
4;1;weighted;30;43;whites_won;7.421637058258057;2022-05-19;00:49:13.138697
4;1;weighted;31;38;black_won;5.451843738555908;2022-05-19;00:49:20.560334
4;1;weighted;32;34;black_won;8.267691135406494;2022-05-19;00:49:26.012177
4;1;weighted;33;35;whites_won;4.780629873275757;2022-05-19;00:49:34.279868
4;1;weighted;34;26;black_won;7.691646337509155;2022-05-19;00:49:39.060498
4;1;weighted;35;41;whites_won;9.132362365722656;2022-05-19;00:49:46.752145
4;1;weighted;36;48;black_won;10.705642461776733;2022-05-19;00:49:55.900129
4;1;weighted;37;43;whites_won;7.6671881675720215;2022-05-19;00:50:06.605771
4;1;weighted;38;28;black_won;6.184956312179565;2022-05-19;00:50:14.272959
4;1;weighted;39;57;whites_won;7.960770606994629;2022-05-19;00:50:20.457916
4;1;weighted;40;85;draw;300.45791363716125;2022-05-19;00:50:28.418687
4;1;weighted;41;36;whites_won;7.11521053314209;2022-05-19;00:55:28.876600
4;1;weighted;42;41;whites_won;7.989643096923828;2022-05-19;00:55:36.007432
4;1;weighted;43;43;whites_won;7.045166492462158;2022-05-19;00:55:43.997075
4;1;weighted;44;22;black_won;5.576814413070679;2022-05-19;00:55:51.042242
4;1;weighted;45;48;black_won;11.057427167892456;2022-05-19;00:55:56.619056
4;1;weighted;46;43;whites_won;6.543836832046509;2022-05-19;00:56:07.676483
4;1;weighted;47;43;whites_won;6.683316230773926;2022-05-19;00:56:14.220320
4;1;weighted;48;43;whites_won;7.22707724571228;2022-05-19;00:56:20.903636
5;0;simple;0;45;whites_won;237.6638376712799;2022-05-19;00:31:34.009383
5;0;simple;1;34;black_won;144.09450316429138;2022-05-19;00:35:31.673220
5;0;simple;2;50;black_won;210.0257420539856;2022-05-19;00:37:55.767724
5;0;simple;3;40;black_won;161.59574151039124;2022-05-19;00:41:25.793466
5;0;simple;4;56;black_won;1524.0986523628235;2022-05-19;00:44:07.389207
5;0;simple;5;43;whites_won;167.33577966690063;2022-05-19;01:09:31.487860
5;0;simple;6;60;black_won;182.6051595211029;2022-05-19;01:12:18.823639
5;0;simple;7;35;whites_won;194.8697156906128;2022-05-19;01:15:21.428799
5;0;simple;8;40;black_won;181.65444374084473;2022-05-19;01:18:36.314136
5;0;simple;9;40;black_won;185.52363324165344;2022-05-19;01:21:37.968579
5;0;simple;10;74;draw;21418.56994986534;2022-05-19;01:24:43.492212
5;0;simple;11;60;black_won;177.42984342575073;2022-05-19;07:21:42.062163
5;0;simple;12;56;black_won;1514.9684309959412;2022-05-19;07:24:39.507627
5;0;simple;13;45;whites_won;240.0628571510315;2022-05-19;07:49:54.476058
5;0;simple;14;36;black_won;178.2470314502716;2022-05-19;07:53:54.538915
5;1;simple;0;43;whites_won;12.414957284927368;2022-05-19;00:31:56.887668
5;1;simple;1;45;whites_won;16.277928113937378;2022-05-19;00:32:09.302626
5;1;simple;2;29;whites_won;7.449791193008423;2022-05-19;00:32:25.580554
5;1;simple;3;34;black_won;11.145015716552734;2022-05-19;00:32:33.030345
5;1;simple;4;43;whites_won;12.10257339477539;2022-05-19;00:32:44.175361
5;1;simple;5;50;black_won;8.171472787857056;2022-05-19;00:32:56.293556
5;1;simple;6;40;black_won;13.414223194122314;2022-05-19;00:33:04.465029
5;1;simple;7;60;black_won;8.547880411148071;2022-05-19;00:33:17.894873
5;1;simple;8;79;draw;200.9359986782074;2022-05-19;00:33:26.458375
5;1;simple;9;45;whites_won;16.358570337295532;2022-05-19;00:36:47.394373
5;1;simple;10;43;whites_won;12.152318716049194;2022-05-19;00:37:03.752944
5;1;simple;11;43;whites_won;11.96135425567627;2022-05-19;00:37:15.905262
5;1;simple;12;60;black_won;8.340794563293457;2022-05-19;00:37:27.866617
5;1;simple;13;43;whites_won;12.254104614257812;2022-05-19;00:37:36.207411
5;1;simple;14;40;black_won;13.336040258407593;2022-05-19;00:37:48.461516
5;1;simple;15;52;black_won;16.52279496192932;2022-05-19;00:38:01.813178
5;1;simple;16;43;whites_won;12.143899917602539;2022-05-19;00:38:18.335973
5;1;simple;17;40;black_won;13.281636953353882;2022-05-19;00:38:30.495494
5;1;simple;18;45;whites_won;16.173093557357788;2022-05-19;00:38:43.777131
5;1;simple;19;59;whites_won;52.670581579208374;2022-05-19;00:38:59.950225
5;1;simple;20;50;black_won;7.914417743682861;2022-05-19;00:39:52.636427
5;1;simple;21;30;black_won;10.703613996505737;2022-05-19;00:40:00.550845
5;1;simple;22;74;draw;207.03327751159668;2022-05-19;00:40:11.254459
5;1;simple;23;85;draw;767.702855348587;2022-05-19;00:43:38.287737
5;1;simple;24;25;whites_won;7.690195560455322;2022-05-19;00:56:25.990592
5;1;simple;25;45;whites_won;13.902981758117676;2022-05-19;00:56:33.680787
5;1;simple;26;45;whites_won;12.610922813415527;2022-05-19;00:56:47.583769
5;1;simple;27;43;whites_won;9.254337787628174;2022-05-19;00:57:00.194692
5;1;simple;28;40;black_won;13.112816333770752;2022-05-19;00:57:09.449030
5;1;simple;29;59;whites_won;52.87313175201416;2022-05-19;00:57:22.561846
5;1;simple;30;85;draw;758.2349514961243;2022-05-19;00:58:15.450600
5;1;simple;31;50;black_won;7.880157947540283;2022-05-19;01:10:53.701172
5;1;simple;32;43;whites_won;12.488462209701538;2022-05-19;01:11:01.581330
5;1;simple;33;40;black_won;12.259244203567505;2022-05-19;01:11:14.069793
5;1;simple;34;40;black_won;13.59657073020935;2022-05-19;01:11:26.329037
5;1;simple;35;50;black_won;7.954769849777222;2022-05-19;01:11:39.925608
5;1;simple;36;34;black_won;10.902688980102539;2022-05-19;01:11:47.880378
5;1;simple;37;43;whites_won;12.036438465118408;2022-05-19;01:11:58.798688
5;1;simple;38;40;black_won;14.130695343017578;2022-05-19;01:12:10.835126
5;1;simple;39;35;whites_won;7.844407796859741;2022-05-19;01:12:24.965822
5;1;simple;40;56;black_won;22.73804807662964;2022-05-19;01:12:32.810230
5;1;simple;41;45;whites_won;12.614443302154541;2022-05-19;01:12:55.548278
5;1;simple;42;37;whites_won;18.85497283935547;2022-05-19;01:13:08.162721
5;1;simple;43;36;black_won;6.3976380825042725;2022-05-19;01:13:27.017694
5;1;simple;44;50;black_won;7.840410232543945;2022-05-19;01:13:33.415332
5;1;simple;45;74;draw;209.83852314949036;2022-05-19;01:13:41.255742
5;1;simple;46;60;black_won;8.153838396072388;2022-05-19;01:17:11.094265
5;1;simple;47;79;draw;200.20809531211853;2022-05-19;01:17:19.248104
5;1;simple;48;60;black_won;9.548648118972778;2022-05-19;01:20:39.456199
5;1;weighted;0;65;whites_won;83.28582859039307;2022-05-19;00:57:46.075457
5;1;weighted;1;37;whites_won;30.594600200653076;2022-05-19;00:59:09.361286
5;1;weighted;2;26;black_won;45.435558557510376;2022-05-19;00:59:39.955886
5;1;weighted;3;39;whites_won;34.47317409515381;2022-05-19;01:00:25.391445
5;1;weighted;4;37;whites_won;32.03077673912048;2022-05-19;01:00:59.864619
5;1;weighted;5;65;whites_won;82.53787302970886;2022-05-19;01:01:31.895396
5;1;weighted;6;35;whites_won;25.849822759628296;2022-05-19;01:02:54.433269
5;1;weighted;7;65;whites_won;83.20932221412659;2022-05-19;01:03:20.283091
5;1;weighted;8;38;black_won;30.87928056716919;2022-05-19;01:04:43.492413
5;1;weighted;9;72;draw;944.0548362731934;2022-05-19;01:05:14.371694
5;1;weighted;10;37;whites_won;31.895208835601807;2022-05-19;01:20:58.426530
5;1;weighted;11;58;black_won;43.65607142448425;2022-05-19;01:21:30.321739
5;1;weighted;12;39;whites_won;34.08016037940979;2022-05-19;01:22:13.977811
5;1;weighted;13;65;whites_won;84.16941237449646;2022-05-19;01:22:48.057971
5;1;weighted;14;38;black_won;36.80380153656006;2022-05-19;01:24:12.227383
5;1;weighted;15;39;whites_won;34.66285562515259;2022-05-19;01:24:49.031185
5;1;weighted;16;61;whites_won;118.26579904556274;2022-05-19;01:25:23.694041
5;1;weighted;17;35;whites_won;35.18827843666077;2022-05-19;01:27:21.959840
5;1;weighted;18;33;whites_won;40.36551070213318;2022-05-19;01:27:57.163739
5;1;weighted;19;30;black_won;51.893004417419434;2022-05-19;01:28:37.544872
5;1;weighted;20;34;black_won;31.596875190734863;2022-05-19;01:29:29.437876
5;1;weighted;21;30;black_won;47.31106519699097;2022-05-19;01:30:01.034752
5;1;weighted;22;36;black_won;26.702874898910522;2022-05-19;01:30:48.361438
5;1;weighted;23;30;black_won;47.983211278915405;2022-05-19;01:31:15.064313
5;1;weighted;24;30;black_won;46.177993297576904;2022-05-19;01:32:03.047524
5;1;weighted;25;75;draw;975.9436671733856;2022-05-19;01:32:49.225517
5;1;weighted;26;32;black_won;29.517260551452637;2022-05-19;01:49:05.184806
5;1;weighted;27;68;black_won;130.79101037979126;2022-05-19;01:49:34.702066
5;1;weighted;28;65;whites_won;84.4759111404419;2022-05-19;01:51:45.493076
5;1;weighted;29;57;whites_won;140.0122857093811;2022-05-19;01:53:09.968988
5;1;weighted;30;68;black_won;131.75623750686646;2022-05-19;01:55:29.981273
5;1;weighted;31;38;black_won;30.780463218688965;2022-05-19;01:57:41.737511
5;1;weighted;32;26;black_won;44.34118294715881;2022-05-19;01:58:12.517974
5;1;weighted;33;68;black_won;130.5848753452301;2022-05-19;01:58:56.859157
5;1;weighted;34;75;draw;978.9272520542145;2022-05-19;02:01:07.444032
5;1;weighted;35;68;black_won;129.07438921928406;2022-05-19;02:17:26.371285
5;1;weighted;36;38;black_won;40.01226878166199;2022-05-19;02:19:35.445674
5;1;weighted;37;38;black_won;29.22896432876587;2022-05-19;02:20:15.457943
5;1;weighted;38;38;black_won;30.151597499847412;2022-05-19;02:20:44.686907
5;1;weighted;39;44;black_won;39.76233458518982;2022-05-19;02:21:14.838504
5;1;weighted;40;54;black_won;94.04672646522522;2022-05-19;02:21:54.600839
5;1;weighted;41;30;black_won;45.661170959472656;2022-05-19;02:23:28.647565
5;1;weighted;42;26;black_won;44.41797876358032;2022-05-19;02:24:14.308736
5;1;weighted;43;75;draw;964.603771686554;2022-05-19;02:24:58.726715
5;1;weighted;44;68;black_won;130.1723656654358;2022-05-19;02:41:03.330487
5;1;weighted;45;47;whites_won;26.61809277534485;2022-05-19;02:43:13.502852
5;1;weighted;46;58;black_won;44.000738859176636;2022-05-19;02:43:40.120945
5;1;weighted;47;54;black_won;97.43030714988708;2022-05-19;02:44:24.121684
5;1;weighted;48;36;black_won;26.130210399627686;2022-05-19;02:46:01.551991
6;1;simple;0;72;draw;789.6013720035553;2022-05-19;01:20:57.238800
6;1;simple;1;51;whites_won;33.429119348526;2022-05-19;01:34:06.840173
6;1;simple;2;40;black_won;20.131405353546143;2022-05-19;01:34:40.269292
6;1;simple;3;39;whites_won;21.27828574180603;2022-05-19;01:35:00.400697
6;1;simple;4;43;whites_won;26.50543212890625;2022-05-19;01:35:21.678983
6;1;simple;5;38;black_won;27.486931324005127;2022-05-19;01:35:48.184415
6;1;simple;6;81;draw;619.2640006542206;2022-05-19;01:36:15.671346
6;1;simple;7;35;whites_won;31.203330039978027;2022-05-19;01:46:34.950968
6;1;simple;8;51;whites_won;61.76998257637024;2022-05-19;01:47:06.154298
6;1;simple;9;38;black_won;27.075807571411133;2022-05-19;01:48:07.924281
6;1;simple;10;40;black_won;19.501219749450684;2022-05-19;01:48:35.000088
6;1;simple;11;35;whites_won;21.05807399749756;2022-05-19;01:48:54.501308
6;1;simple;12;81;draw;621.3541769981384;2022-05-19;01:49:15.559382
6;1;simple;13;62;black_won;92.84242987632751;2022-05-19;01:59:36.913559
6;1;simple;14;37;whites_won;25.264529705047607;2022-05-19;02:01:09.771610
6;1;simple;15;51;whites_won;62.598233699798584;2022-05-19;02:01:35.036140
6;1;simple;16;39;whites_won;21.027729511260986;2022-05-19;02:02:37.649995
6;1;simple;17;54;black_won;21.976710557937622;2022-05-19;02:02:58.677725
6;1;simple;18;35;whites_won;30.144110441207886;2022-05-19;02:03:20.654435
6;1;simple;19;51;whites_won;62.53777623176575;2022-05-19;02:03:50.798546
6;1;simple;20;51;whites_won;62.567750453948975;2022-05-19;02:04:53.336322
6;1;simple;21;39;whites_won;20.74501872062683;2022-05-19;02:05:55.904072
6;1;simple;22;51;whites_won;62.955872774124146;2022-05-19;02:06:16.649091
6;1;simple;23;50;black_won;76.59830689430237;2022-05-19;02:07:19.604964
6;1;simple;24;70;black_won;596.0380198955536;2022-05-19;02:08:36.203271
6;1;simple;25;39;whites_won;21.314507484436035;2022-05-19;02:18:32.241291
6;1;simple;26;72;draw;778.0910425186157;2022-05-19;02:18:53.555798
6;1;simple;27;62;black_won;92.83408069610596;2022-05-19;02:31:51.662462
6;1;simple;28;30;whites_won;22.73963475227356;2022-05-19;02:33:24.496543
6;1;simple;29;51;whites_won;61.11366391181946;2022-05-19;02:33:47.236177
6;1;simple;30;51;whites_won;32.54683876037598;2022-05-19;02:34:48.365463
6;1;simple;31;35;whites_won;21.448617219924927;2022-05-19;02:35:20.912302
6;1;simple;32;62;black_won;94.47827196121216;2022-05-19;02:35:42.360919
6;1;simple;33;51;whites_won;62.03376865386963;2022-05-19;02:37:16.839191
6;1;simple;34;37;whites_won;26.59312868118286;2022-05-19;02:38:18.872959
6;1;simple;35;30;whites_won;23.97852659225464;2022-05-19;02:38:45.466088
6;1;simple;36;43;whites_won;26.399954557418823;2022-05-19;02:39:09.444615
6;1;simple;37;51;whites_won;62.43325901031494;2022-05-19;02:39:35.844569
6;1;simple;38;51;whites_won;33.540552616119385;2022-05-19;02:40:38.277828
6;1;simple;39;40;black_won;19.99933886528015;2022-05-19;02:41:11.818381
6;1;simple;40;50;black_won;74.3543713092804;2022-05-19;02:41:31.817720
6;1;simple;41;35;whites_won;21.184064865112305;2022-05-19;02:42:46.187712
6;1;simple;42;38;black_won;26.935993194580078;2022-05-19;02:43:07.371777
6;1;simple;43;51;whites_won;63.170148849487305;2022-05-19;02:43:34.307770
6;1;simple;44;68;draw;920.2682573795319;2022-05-19;02:44:37.477919
6;1;simple;45;81;draw;634.2574689388275;2022-05-19;02:59:57.746176
6;1;simple;46;37;whites_won;25.73729181289673;2022-05-19;03:10:32.003645
6;1;simple;47;39;whites_won;22.332818269729614;2022-05-19;03:10:57.740937
6;1;simple;48;35;whites_won;20.82825779914856;2022-05-19;03:11:20.073755
6;1;weighted;0;50;black_won;84.5820996761322;2022-05-19;01:23:59.158806
6;1;weighted;1;55;whites_won;218.69929361343384;2022-05-19;01:25:23.740905
6;1;weighted;2;29;whites_won;68.1543140411377;2022-05-19;01:29:02.440199
6;1;weighted;3;68;black_won;966.521470785141;2022-05-19;01:30:10.594513
6;1;weighted;4;72;draw;1593.6895778179169;2022-05-19;01:46:17.115984
6;1;weighted;5;45;whites_won;96.19290518760681;2022-05-19;02:12:50.821183
6;1;weighted;6;39;whites_won;46.02537298202515;2022-05-19;02:14:27.014088
6;1;weighted;7;54;black_won;612.6017007827759;2022-05-19;02:15:13.039461
6;1;weighted;8;30;black_won;61.554943799972534;2022-05-19;02:25:25.641162
6;1;weighted;9;32;black_won;136.90001487731934;2022-05-19;02:26:27.196105
6;1;weighted;10;47;whites_won;68.13449144363403;2022-05-19;02:28:44.096120
6;1;weighted;11;41;whites_won;48.210222005844116;2022-05-19;02:29:52.230612
6;1;weighted;12;46;black_won;110.0224723815918;2022-05-19;02:30:40.440834
6;1;weighted;13;30;black_won;50.54968047142029;2022-05-19;02:32:30.463306
6;1;weighted;14;25;whites_won;63.28404998779297;2022-05-19;02:33:21.012987
6;1;weighted;15;39;whites_won;44.113609313964844;2022-05-19;02:34:24.312658
6;1;weighted;16;56;black_won;78.66599488258362;2022-05-19;02:35:08.426267
6;1;weighted;17;46;black_won;105.2539734840393;2022-05-19;02:36:27.092262
6;1;weighted;18;29;whites_won;66.94833040237427;2022-05-19;02:38:12.346236
6;1;weighted;19;54;black_won;614.1390676498413;2022-05-19;02:39:19.294566
6;1;weighted;20;39;whites_won;92.15136861801147;2022-05-19;02:49:33.433634
6;1;weighted;21;41;whites_won;48.48652744293213;2022-05-19;02:51:05.585003
6;1;weighted;22;85;draw;2832.0080173015594;2022-05-19;02:51:54.071530
6;1;weighted;23;26;black_won;56.23379445075989;2022-05-19;03:39:06.079547
6;1;weighted;24;40;black_won;88.32066535949707;2022-05-19;03:40:02.313342
6;1;weighted;25;41;whites_won;50.00040006637573;2022-05-19;03:41:30.634007
6;1;weighted;26;37;whites_won;88.28438520431519;2022-05-19;03:42:20.634407
6;1;weighted;27;35;whites_won;75.96390295028687;2022-05-19;03:43:48.918792
6;1;weighted;28;39;whites_won;43.22583794593811;2022-05-19;03:45:04.882695
6;1;weighted;29;54;black_won;612.6493315696716;2022-05-19;03:45:48.108533
6;1;weighted;30;72;draw;1636.3951535224915;2022-05-19;03:56:00.757865
6;1;weighted;31;47;whites_won;70.71240448951721;2022-05-19;04:23:17.153018
6;1;weighted;32;40;black_won;88.01121044158936;2022-05-19;04:24:27.865423
6;1;weighted;33;47;whites_won;68.70655274391174;2022-05-19;04:25:55.876633
6;1;weighted;34;56;black_won;81.19413900375366;2022-05-19;04:27:04.583186
6;1;weighted;35;45;whites_won;102.65740060806274;2022-05-19;04:28:25.777325
6;1;weighted;36;55;whites_won;175.7433774471283;2022-05-19;04:30:08.434726
6;1;weighted;37;68;black_won;973.1458842754364;2022-05-19;04:33:04.178103
6;1;weighted;38;25;whites_won;64.05745029449463;2022-05-19;04:49:17.323987
6;1;weighted;39;37;whites_won;60.61725378036499;2022-05-19;04:50:21.381437
6;1;weighted;40;26;black_won;57.386292934417725;2022-05-19;04:51:21.998691
6;1;weighted;41;68;black_won;986.4531610012054;2022-05-19;04:52:19.400606
6;1;weighted;42;51;whites_won;68.15574812889099;2022-05-19;05:08:45.853767
6;1;weighted;43;72;draw;1619.9007036685944;2022-05-19;05:09:54.009515
6;1;weighted;44;47;whites_won;69.54006767272949;2022-05-19;05:36:53.910219
6;1;weighted;45;54;black_won;615.0639100074768;2022-05-19;05:38:03.450287
6;1;weighted;46;30;black_won;53.27880358695984;2022-05-19;05:48:18.514197
6;1;weighted;47;33;whites_won;76.86354231834412;2022-05-19;05:49:11.793000
6;1;weighted;48;39;whites_won;43.38990235328674;2022-05-19;05:50:28.656543
7;1;simple;0;75;draw;1898.8441462516785;2022-05-19;02:11:31.589411
7;1;simple;1;35;whites_won;63.73432445526123;2022-05-19;02:43:10.433557
7;1;simple;2;33;whites_won;60.311402559280396;2022-05-19;02:44:14.167882
7;1;simple;3;41;whites_won;64.64992165565491;2022-05-19;02:45:14.479284
7;1;simple;4;35;whites_won;63.27638268470764;2022-05-19;02:46:19.129206
7;1;simple;5;43;whites_won;70.29746747016907;2022-05-19;02:47:22.421210
7;1;simple;6;46;black_won;156.06519532203674;2022-05-19;02:48:32.718678
7;1;simple;7;35;whites_won;113.6565113067627;2022-05-19;02:51:08.783873
7;1;simple;8;41;whites_won;61.52586388587952;2022-05-19;02:53:02.440384
7;1;simple;9;35;whites_won;64.80792832374573;2022-05-19;02:54:03.966248
7;1;simple;10;33;whites_won;63.31067490577698;2022-05-19;02:55:08.774176
7;1;simple;11;33;whites_won;61.93502950668335;2022-05-19;02:56:12.084851
7;1;simple;12;46;black_won;149.79406476020813;2022-05-19;02:57:14.019881
7;1;simple;13;48;black_won;199.6316201686859;2022-05-19;02:59:43.813946
7;1;simple;14;48;black_won;341.296751499176;2022-05-19;03:03:03.445566
7;1;simple;15;35;whites_won;63.72387218475342;2022-05-19;03:08:44.742317
7;1;simple;16;75;draw;1924.3929781913757;2022-05-19;03:09:48.466189
7;1;simple;17;43;whites_won;73.42869019508362;2022-05-19;03:41:52.859168
7;1;simple;18;48;black_won;199.60198402404785;2022-05-19;03:43:06.287858
7;1;simple;19;41;whites_won;65.36558771133423;2022-05-19;03:46:25.889842
7;1;simple;20;30;whites_won;63.27521991729736;2022-05-19;03:47:31.255429
7;1;simple;21;58;black_won;687.792150259018;2022-05-19;03:48:34.530649
7;1;simple;22;43;whites_won;47.37982439994812;2022-05-19;04:00:02.322800
7;1;simple;23;75;draw;1946.4520347118378;2022-05-19;04:00:49.702624
7;1;simple;24;48;black_won;199.56495308876038;2022-05-19;04:33:16.154659
7;1;simple;25;30;whites_won;66.14759421348572;2022-05-19;04:36:35.719612
7;1;simple;26;56;black_won;250.85183429718018;2022-05-19;04:37:41.867206
7;1;simple;27;50;black_won;131.93005657196045;2022-05-19;04:41:52.719040
7;1;simple;28;41;whites_won;67.0119206905365;2022-05-19;04:44:04.649097
7;1;simple;29;68;draw;5297.680225372314;2022-05-19;04:45:11.661018
7;1;simple;30;35;whites_won;67.04300165176392;2022-05-19;06:13:29.341243
7;1;simple;31;46;black_won;155.75693130493164;2022-05-19;06:14:36.384245
7;1;simple;32;56;black_won;247.52868676185608;2022-05-19;06:17:12.141176
7;1;simple;33;38;black_won;98.87285852432251;2022-05-19;06:21:19.669863
7;1;simple;34;54;black_won;1701.6836152076721;2022-05-19;06:22:58.542721
7;1;simple;35;41;whites_won;62.41832900047302;2022-05-19;06:51:20.226336
7;1;simple;36;58;black_won;690.3874614238739;2022-05-19;06:52:22.660287
7;1;simple;37;43;whites_won;73.29363560676575;2022-05-19;07:03:53.047748
7;1;simple;38;58;black_won;688.1226005554199;2022-05-19;07:05:06.341384
7;1;simple;39;48;black_won;199.64601826667786;2022-05-19;07:16:34.463984
7;1;simple;40;35;whites_won;64.12070822715759;2022-05-19;07:19:54.110003
7;1;simple;41;68;draw;5308.723034620285;2022-05-19;07:20:58.230711
7;1;simple;42;43;whites_won;46.502105474472046;2022-05-19;08:49:26.953746
7;1;simple;43;33;whites_won;61.94700360298157;2022-05-19;08:50:13.455851
7;1;simple;44;51;whites_won;100.5490472316742;2022-05-19;08:51:15.402854
7;1;simple;45;75;draw;1917.1970150470734;2022-05-19;08:52:55.951902
7;1;simple;46;48;black_won;195.65693402290344;2022-05-19;09:24:53.148917
7;1;simple;47;43;whites_won;70.73034262657166;2022-05-19;09:28:08.805851
7;1;simple;48;30;whites_won;62.86667513847351;2022-05-19;09:29:19.536193
7;1;weighted;0;35;whites_won;398.33525133132935;2022-05-19;02:24:57.414523
7;1;weighted;1;34;black_won;267.6272871494293;2022-05-19;02:31:35.749774
7;1;weighted;2;34;black_won;655.8788077831268;2022-05-19;02:36:03.377061
7;1;weighted;3;35;whites_won;319.4116680622101;2022-05-19;02:46:59.255869
7;1;weighted;4;31;black_won;808.3617587089539;2022-05-19;02:52:18.667537
7;1;weighted;5;85;draw;27853.673036813736;2022-05-19;03:05:47.029296
7;1;weighted;6;35;whites_won;260.5203683376312;2022-05-19;10:50:00.702333
7;1;weighted;7;68;black_won;7274.359987974167;2022-05-19;10:54:21.222701
7;1;weighted;8;45;whites_won;1646.4660325050354;2022-05-19;12:55:35.582689
7;1;weighted;9;36;black_won;242.29477548599243;2022-05-19;13:23:02.048721
7;1;weighted;10;35;whites_won;301.0182309150696;2022-05-19;13:27:04.343497
7;1;weighted;11;42;black_won;845.7768280506134;2022-05-19;13:32:05.361728
8;1;simple;0;45;whites_won;155.03146982192993;2022-05-19;02:47:08.027457
8;1;simple;1;74;draw;18202.99034667015;2022-05-19;02:49:43.058927
8;1;simple;2;68;black_won;711.118289232254;2022-05-19;07:53:06.049274
8;1;simple;3;60;black_won;12105.216622114182;2022-05-19;08:04:57.167563
8;1;weighted;0;43;whites_won;1395.9343659877777;2022-05-19;03:11:56.834789
8;1;weighted;1;43;whites_won;1396.73095703125;2022-05-19;03:35:12.784776
8;1;weighted;2;43;whites_won;1375.5572249889374;2022-05-19;03:58:29.531355
8;1;weighted;3;27;whites_won;418.31430292129517;2022-05-19;04:21:25.088580
8;1;weighted;4;37;whites_won;639.5886850357056;2022-05-19;04:28:23.402883
8;1;weighted;5;43;whites_won;953.6353974342346;2022-05-19;04:39:02.991568
8;1;weighted;6;51;whites_won;785.3541522026062;2022-05-19;04:54:56.626966
8;1;weighted;7;31;whites_won;492.34943890571594;2022-05-19;05:08:01.981118
8;1;weighted;8;30;black_won;493.5563106536865;2022-05-19;05:16:14.330557
8;1;weighted;9;51;whites_won;951.5413901805878;2022-05-19;05:24:27.886867
8;1;weighted;10;48;black_won;496.1489565372467;2022-05-19;05:40:19.443879
9;1;simple;0;31;whites_won;2897.997078895569;2022-05-19;03:11:57.209701
9;1;simple;1;59;whites_won;3137.7475469112396;2022-05-19;04:00:15.206780
